0.0780328,0.01,0,0,0,0,0,
0.0817416,0.02,0,0,0,0,0,
0.085682,0.03,0,0,0,0,0,
0.0873736,0.04,0,0,0,0,0,
0.089112,0.05,0,0,0,0,0,
0.0905796,0.06,0,0,0,0,0,
0.0918964,0.07,0,0,0,0,0,
0.0936328,0.08,0,0,0,0,0,
0.0965777,0.09,0,0,0,0,0,
0.0981245,0.1,0,0,0,0,0,
0.100205,0.11,0,0,0,0,0,
0.10151,0.12,0,0,0,0,0,
0.103022,0.13,0,0,0,0,0,
0.104826,0.14,0,0,0,0,0,
0.122468,0.15,0,0,0,0,0,
0.150185,0.16,0,0,0,0,0,
0.167896,0.17,0,0,0,0,0,
0.169389,0.18,0,0,0,0,0,
0.170862,0.19,0,0,0,0,0,
0.184566,0.2,0,0,0,0,0,
0.193094,0.21,0,0,0,0,0,
0.20341,0.22,0,0,0,0,0,
0.212025,0.23,0,0,0,0,0,
0.2206,0.24,0,0,0,0,0,
0.229036,0.25,0,0,0,0,0,
0.238845,0.26,0,0,0,0,0,
0.248784,0.27,0,0,0,0,0,
0.257162,0.28,0,0,0,0,0,
0.266668,0.29,0,0,0,0,0,
0.278353,0.3,0,0,0,0,0,
0.288474,0.31,0,0,0,0,0,
0.298575,0.32,0,0,0,0,0,
0.308512,0.33,0,0,0,0,0,
0.316927,0.34,0,0,0,0,0,
0.326249,0.35,0,0,0,0,0,
0.336329,0.36,0,0,0,0,0,
0.346294,0.37,0,0,0,0,0,
0.383411,0.38,0,0,0,0,0,
0.392591,0.39,0,0,0,0,0,
0.401585,0.4,0,0,0,0,0,
0.410768,0.41,0,0,0,0,0,
0.420438,0.42,0,0,0,0,0,
0.441752,0.43,0,0,0,0,0,
0.450201,0.44,0,0,0,0,0,
0.460075,0.45,0,0,0,0,0,
0.470404,0.46,0,0,0,0,0,
0.479579,0.47,0,0,0,0,0,
0.490042,0.48,0,0,0,0,0,
0.500741,0.49,0,0,0,0,0,
0.509429,0.5,0,0,0,0,0,
0.520037,0.51,0,0,0,0,0,
0.529633,0.52,0,0,0,0,0,
0.537831,0.53,0,0,0,0,0,
0.54637,0.54,0,0,0,0,0,
0.554987,0.55,0,0,0,0,0,
0.563622,0.56,0,0,0,0,0,
0.571703,0.57,0,0,0,0,0,
0.580579,0.58,0,0,0,0,0,
0.589339,0.59,0,0,0,0,0,
0.598154,0.6,0,0,0,0,0,
0.607183,0.61,0,0,0,0,0,
0.617113,0.62,0,0,0,0,0,
0.627356,0.63,0,0,0,0,0,
0.637675,0.64,0,0,0,0,0,
0.647771,0.65,0,0,0,0,0,
0.65789,0.66,0,0,0,0,0,
0.66837,0.67,0,0,0,0,0,
0.678539,0.68,0,0,0,0,0,
0.688747,0.69,0,0,0,0,0,
0.698341,0.7,0,0,0,0,0,
0.708993,0.71,0,0,0,0,0,
0.720512,0.72,0,0,0,0,0,
0.733649,0.73,0,0,0,0,0,
0.745395,0.74,0,0,0,0,0,
0.757633,0.75,0,0,0,0,0,
0.769125,0.76,0,0,0,0,0,
0.780232,0.77,0,0,0,0,0,
0.792416,0.78,0,0,0,0,0,
0.803926,0.79,0,0,0,0,0,
0.814839,0.8,0,0,0,0,0,
0.825623,0.81,0,0,0,0,0,
0.83644,0.82,0,0,0,0,0,
0.851973,0.83,0,0,0,0,0,
0.868068,0.84,0,0,0,0,0,
0.880258,0.85,0,0,0,0,0,
0.891374,0.86,0,0,0,0,0,
0.902513,0.87,0,0,0,0,0,
0.91299,0.88,0,0,0,0,0,
0.929121,0.89,0,0,0,0,0,
0.939837,0.9,0,0,0,0,0,
0.949483,0.91,0,0,0,0,0,
0.960603,0.92,0,0,0,0,0,
0.995508,0.93,0,0,0,0,0,
1.00697,0.94,0,0,0,0,0,
1.01851,0.95,0,0,0,0,0,
1.03007,0.96,0,0,0,0,0,
1.04183,0.97,0,0,0,0,0,
1.05372,0.98,0,0,0,0,0,
1.06513,0.99,0,0,0,0,0,
1.07654,1,0,0,0,0,0,
1.08772,1.01,0,0,0,0,0,
1.09858,1.02,0,0,0,0,0,
1.108,1.03,0,0,0,0,0,
1.11657,1.04,0,0,0,0,0,
1.12362,1.05,0,0,0,0,0,
1.1317,1.06,0,0,0,0,0,
1.14108,1.07,0,0,0,0,0,
1.1555,1.08,0,0,0,0,0,
1.16622,1.09,0,0,0,0,0,
1.17661,1.1,0,0,0,0,0,
1.18699,1.11,0,0,0,0,0,
1.19737,1.12,0,0,0,0,0,
1.20785,1.13,0,0,0,0,0,
1.21842,1.14,0,0,0,0,0,
1.2288,1.15,0,0,0,0,0,
1.23815,1.16,0,0,0,0,0,
1.24859,1.17,0,0,0,0,0,
1.26102,1.18,0,0,0,0,0,
1.27371,1.19,0,0,0,0,0,
1.28268,1.2,0,0,0,0,0,
1.29312,1.21,0,0,0,0,0,
1.30295,1.22,0,0,0,0,0,
1.31383,1.23,0,0,0,0,0,
1.32383,1.24,0,0,0,0,0,
1.33449,1.25,0,0,0,0,0,
1.34402,1.26,0,0,0,0,0,
1.35321,1.27,0,0,0,0,0,
1.36276,1.28,0,0,0,0,0,
1.37246,1.29,0,0,0,0,0,
1.3827,1.3,0,0,0,0,0,
1.39298,1.31,0,0,0,0,0,
1.40325,1.32,0,0,0,0,0,
1.41174,1.33,0,0,0,0,0,
1.42179,1.34,0,0,0,0,0,
1.43215,1.35,0,0,0,0,0,
1.442,1.36,0,0,0,0,0,
1.45052,1.37,0,0,0,0,0,
1.46365,1.38,0,0,0,0,0,
1.47269,1.39,0,0,0,0,0,
1.48116,1.4,0,0,0,0,0,
1.49106,1.41,0,0,0,0,0,
1.49956,1.42,0,0,0,0,0,
1.50855,1.43,0,0,0,0,0,
1.51858,1.44,0,0,0,0,0,
1.53079,1.45,0,0,0,0,0,
1.54058,1.46,0,0,0,0,0,
1.55011,1.47,0,0,0,0,0,
1.56008,1.48,0,0,0,0,0,
1.57008,1.49,0,0,0,0,0,
1.58031,1.5,0,0,0,0,0,
1.59072,1.51,0,0,0,0,0,
1.60124,1.52,0,0,0,0,0,
1.61118,1.53,0,0,0,0,0,
1.62101,1.54,0,0,0,0,0,
1.63008,1.55,0,0,0,0,0,
1.63982,1.56,0,0,0,0,0,
1.65011,1.57,0,0,0,0,0,
1.65876,1.58,0,0,0,0,0,
1.66897,1.59,0,0,0,0,0,
1.67891,1.6,0,0,0,0,0,
1.6882,1.61,0,0,0,0,0,
1.71666,1.62,0,0,0,0,0,
1.72725,1.63,0,0,0,0,0,
1.7771,1.64,0,0,0,0,0,
1.78571,1.65,0,0,0,0,0,
1.79496,1.66,0,0,0,0,0,
1.80506,1.67,0,0,0,0,0,
1.81558,1.68,0,0,0,0,0,
1.83011,1.69,0,0,0,0,0,
1.84422,1.7,0,0,0,0,0,
1.86201,1.71,0,0,0,0,0,
1.87151,1.72,0,0,0,0,0,
1.8813,1.73,0,0,0,0,0,
1.89864,1.74,0,0,0,0,0,
1.90901,1.75,0,0,0,0,0,
1.91883,1.76,0,0,0,0,0,
1.92735,1.77,0,0,0,0,0,
1.93749,1.78,0,0,0,0,0,
1.9471,1.79,0,0,0,0,0,
1.96039,1.8,0,0,0,0,0,
1.97051,1.81,0,0,0,0,0,
1.98107,1.82,0,0,0,0,0,
1.99059,1.83,0,0,0,0,0,
1.99903,1.84,0,0,0,0,0,
2.00765,1.85,0,0,0,0,0,
2.01635,1.86,0,0,0,0,0,
2.02624,1.87,0,0,0,0,0,
2.03469,1.88,0,0,0,0,0,
2.04364,1.89,0,0,0,0,0,
2.05318,1.9,0,0,0,0,0,
2.06241,1.91,0,0,0,0,0,
2.07123,1.92,0,0,0,0,0,
2.0795,1.93,0,0,0,0,0,
2.08884,1.94,0,0,0,0,0,
2.09731,1.95,0,0,0,0,0,
2.10682,1.96,0,0,0,0,0,
2.11634,1.97,0,0,0,0,0,
2.12551,1.98,0,0,0,0,0,
2.13535,1.99,0,0,0,0,0,
2.14516,2,0,0,0,0,0,
2.15461,2.01,0,0,0,0,0,
4.30061,2.02,3.56363e-018,1.94629e-018,0.0242406,0.024241,0.0244318,
4.33343,2.03,3.56363e-018,1.94629e-018,0.0242406,0.024241,0.0244318,
4.35922,2.04,0.000500225,1.29693e-005,0.0275408,0.0755427,0.431946,
4.38114,2.05,0.00150434,4.30838e-005,0.032119,0.125076,0.476673,
4.40608,2.06,0.00299451,9.47806e-005,0.0370169,0.172844,0.501773,
4.41587,2.07,0.0049529,0.000172496,0.0421436,0.218851,0.52333,
4.42918,2.08,0.00736169,0.000280668,0.0474819,0.263101,0.544354,
4.43768,2.09,0.0102031,0.000423733,0.0530321,0.3056,0.565782,
4.4482,2.1,0.0134592,0.000606127,0.0588003,0.346351,0.588017,
4.45988,2.11,0.0171122,0.000832287,0.0647959,0.38536,0.611291,
4.47004,2.12,0.0211442,0.00110665,0.0710301,0.422634,0.635766,
4.48052,2.13,0.0255376,0.00143366,0.0775157,0.458177,0.66158,
4.4899,2.14,0.0302743,0.00181774,0.0842666,0.491997,0.688864,
4.52085,2.15,0.0353367,0.00226333,0.0912983,0.524102,0.717749,
4.53173,2.16,0.0407068,0.00277488,0.0986274,0.554498,0.748372,
4.54166,2.17,0.0463668,0.00335681,0.106272,0.583195,0.780877,
4.58318,2.18,0.0522989,0.00401357,0.114252,0.610202,0.815422,
4.59384,2.19,0.0584853,0.00474959,0.122588,0.635528,0.852176,
4.61405,2.2,0.0649082,0.00556931,0.131303,0.659186,0.891324,
4.6247,2.21,0.0715496,0.00647717,0.140423,0.681186,0.933069,
4.63427,2.22,0.0783918,0.00747759,0.149974,0.701542,0.977632,
5.04569,2.23,0.085417,0.00857503,0.159986,0.720269,1.02525,
5.05456,2.24,0.0925561,0.00976473,0.170267,0.727182,1.03122,
5.06384,2.25,0.0997488,0.0110398,0.180615,0.733744,1.03861,
5.07394,2.26,0.106991,0.0124012,0.191044,0.739959,1.04736,
5.08263,2.27,0.114277,0.0138503,0.201567,0.745831,1.05746,
5.09319,2.28,0.121604,0.015388,0.212197,0.751365,1.06887,
5.10236,2.29,0.128966,0.0170155,0.222948,0.756565,1.08157,
5.11126,2.3,0.136359,0.018734,0.233833,0.761436,1.09554,
5.12103,2.31,0.143779,0.0205445,0.244863,0.765983,1.11077,
5.13016,2.32,0.15122,0.0224482,0.256053,0.770211,1.12725,
5.13949,2.33,0.158679,0.0244462,0.267413,0.774128,1.14498,
5.1492,2.34,0.166151,0.0265396,0.278956,0.777738,1.16394,
5.15861,2.35,0.173631,0.0287296,0.290696,0.781048,1.18415,
5.16912,2.36,0.181115,0.0310173,0.302643,0.784065,1.20561,
5.17814,2.37,0.188598,0.0334037,0.314812,0.786797,1.22831,
5.18857,2.38,0.196076,0.0358901,0.327214,0.789251,1.25227,
5.19755,2.39,0.203544,0.0384775,0.339862,0.791436,1.27749,
5.2065,2.4,0.210998,0.0411671,0.352768,0.793359,1.30399,
5.21664,2.41,0.218433,0.0439599,0.365946,0.795031,1.33176,
5.22704,2.42,0.225844,0.0468572,0.379407,0.79646,1.36082,
5.69291,2.43,0.233228,0.04986,0.393166,0.797657,1.39118,
5.7014,2.44,0.240544,0.0529543,0.407124,0.791116,1.40006,
5.7127,2.45,0.247758,0.0561251,0.421162,0.784964,1.40735,
5.72568,2.46,0.254872,0.0593724,0.435265,0.779201,1.41297,
5.73545,2.47,0.261889,0.0626961,0.449416,0.773824,1.41687,
5.74523,2.48,0.268813,0.066096,0.463597,0.768831,1.41901,
5.77004,2.49,0.275644,0.069572,0.47779,0.764221,1.41934,
5.77937,2.5,0.282386,0.073124,0.491978,0.75999,1.41783,
5.78802,2.51,0.289042,0.0767519,0.506141,0.756136,1.41446,
5.79807,2.52,0.295614,0.0804555,0.520261,0.752656,1.40922,
5.80661,2.53,0.302104,0.0842348,0.534319,0.749544,1.4021,
5.81533,2.54,0.308516,0.0880897,0.548296,0.746798,1.39311,
5.82411,2.55,0.314852,0.0920199,0.562175,0.744413,1.38228,
5.83125,2.56,0.321114,0.0960255,0.575936,0.742384,1.36962,
5.83993,2.57,0.327305,0.100106,0.589561,0.740706,1.35517,
5.84716,2.58,0.333428,0.104262,0.603033,0.739374,1.33898,
5.85521,2.59,0.339485,0.108493,0.616335,0.738382,1.3211,
5.86247,2.6,0.345479,0.112798,0.62945,0.737724,1.3016,
5.87007,2.61,0.351413,0.117179,0.642362,0.737395,1.28054,
5.87724,2.62,0.357288,0.121634,0.655056,0.737388,1.25799,
5.8846,2.63,0.363109,0.126163,0.667517,0.737697,1.23404,
6.68608,2.64,0.368891,0.130778,0.679667,0.741851,1.19614,
6.69391,2.65,0.374649,0.135488,0.691444,0.745916,1.15946,
6.70189,2.66,0.380382,0.14029,0.70286,0.749886,1.12397,
6.71097,2.67,0.386092,0.145181,0.713927,0.753753,1.08963,
6.7279,2.68,0.391776,0.15016,0.724656,0.757509,1.05641,
6.74188,2.69,0.397435,0.155223,0.735059,0.761148,1.02427,
6.75786,2.7,0.403068,0.160368,0.745145,0.764663,0.993193,
6.77005,2.71,0.408675,0.165593,0.754926,0.768049,0.96313,
6.78364,2.72,0.414256,0.170893,0.764411,0.771298,0.93405,
6.79423,2.73,0.419809,0.176268,0.77361,0.774407,0.905917,
6.80546,2.74,0.425336,0.181714,0.782533,0.77737,0.878698,
6.8318,2.75,0.430834,0.187229,0.791187,0.780181,0.852358,
6.86465,2.76,0.436305,0.192811,0.799583,0.782836,0.826864,
6.87714,2.77,0.441747,0.198455,0.807727,0.785331,0.802182,
6.88928,2.78,0.44716,0.204161,0.815629,0.787662,0.77828,
6.89806,2.79,0.452544,0.209925,0.823295,0.789823,0.755127,
6.91003,2.8,0.457899,0.215745,0.830734,0.791813,0.732691,
6.92103,2.81,0.463223,0.221618,0.837952,0.793626,0.710942,
6.93311,2.82,0.468517,0.227542,0.844955,0.79526,0.689852,
6.94368,2.83,0.47378,0.233514,0.851751,0.79671,0.669391,
22.4794,2.84,0.479008,0.239525,0.858168,0.796648,0.614064,
22.4875,2.85,0.484199,0.245568,0.864032,0.796623,0.558667,
22.4961,2.86,0.489356,0.25164,0.869341,0.796626,0.503225,
22.5052,2.87,0.494482,0.257738,0.874096,0.796652,0.447757,
22.5264,2.88,0.499581,0.263859,0.878296,0.796692,0.392279,
22.5421,2.89,0.504656,0.270001,0.881942,0.796743,0.336801,
22.5552,2.9,0.509711,0.27616,0.885032,0.796799,0.281332,
22.5736,2.91,0.514749,0.282333,0.887568,0.796855,0.225876,
22.5936,2.92,0.519773,0.288519,0.88955,0.79691,0.170434,
22.606,2.93,0.524787,0.294713,0.890977,0.796959,0.115008,
22.6184,2.94,0.529794,0.300913,0.89185,0.797001,0.0595933,
22.6418,2.95,0.534798,0.307117,0.892169,0.797036,0.00418894,
22.6526,2.96,0.539802,0.313321,0.891934,0.797062,-0.051209,
22.663,2.97,0.544809,0.319523,0.891145,0.797079,-0.106604,
22.6748,2.98,0.549823,0.32572,0.889802,0.79709,-0.161999,
22.6849,2.99,0.554847,0.331908,0.887905,0.797095,-0.217396,
22.696,3,0.559884,0.338086,0.885454,0.797098,-0.272796,
22.7068,3.01,0.564938,0.344249,0.882449,0.7971,-0.328196,
22.7168,3.02,0.570012,0.350397,0.87889,0.797108,-0.383594,
22.727,3.03,0.57511,0.356524,0.874777,0.797124,-0.438981,
23.0529,3.04,0.580235,0.362631,0.870451,0.797213,-0.426251,
23.0602,3.05,0.585386,0.368716,0.866252,0.797313,-0.413518,
23.0688,3.06,0.590563,0.374781,0.862181,0.797421,-0.400782,
23.0776,3.07,0.595764,0.380825,0.858236,0.797536,-0.388048,
23.0877,3.08,0.600991,0.386851,0.85442,0.797657,-0.375316,
23.1029,3.09,0.60624,0.392857,0.85073,0.797784,-0.362588,
23.1175,3.1,0.611512,0.398846,0.847168,0.797915,-0.349865,
23.1273,3.11,0.616806,0.404817,0.843733,0.798048,-0.33715,
23.1364,3.12,0.622121,0.410771,0.840425,0.798183,-0.324442,
23.1463,3.13,0.627456,0.416709,0.837244,0.798319,-0.311743,
23.1564,3.14,0.63281,0.422631,0.83419,0.798455,-0.299054,
23.1667,3.15,0.638183,0.428538,0.831263,0.79859,-0.286376,
23.1769,3.16,0.643574,0.434431,0.828462,0.798722,-0.273708,
23.1869,3.17,0.648982,0.44031,0.825789,0.798852,-0.261051,
23.197,3.18,0.654406,0.446175,0.823241,0.798979,-0.248406,
23.2084,3.19,0.659845,0.452028,0.82082,0.7991,-0.235772,
23.2199,3.2,0.665299,0.45787,0.818526,0.799217,-0.22315,
23.2305,3.21,0.670767,0.463699,0.816357,0.799328,-0.210539,
23.2416,3.22,0.676248,0.469519,0.814315,0.799433,-0.197939,
23.2518,3.23,0.681741,0.475328,0.812399,0.79953,-0.18535,
23.64,3.24,0.687245,0.481127,0.810596,0.799554,-0.175223,
23.6489,3.25,0.692759,0.486916,0.808894,0.799579,-0.165095,
23.6582,3.26,0.698284,0.492697,0.807294,0.799605,-0.154969,
23.6751,3.27,0.703817,0.49847,0.805795,0.799633,-0.144843,
23.687,3.28,0.709359,0.504234,0.804397,0.799661,-0.134718,
23.6996,3.29,0.714909,0.509991,0.8031,0.799689,-0.124595,
23.7173,3.3,0.720466,0.515742,0.801905,0.799717,-0.114472,
23.7295,3.31,0.72603,0.521486,0.800811,0.799745,-0.104351,
23.7397,3.32,0.7316,0.527225,0.799818,0.799772,-0.0942317,
23.7499,3.33,0.737176,0.532959,0.798926,0.799799,-0.0841136,
23.759,3.34,0.742757,0.538688,0.798136,0.799824,-0.0739968,
23.7701,3.35,0.748342,0.544414,0.797446,0.799848,-0.0638814,
23.7813,3.36,0.753931,0.550136,0.796858,0.799871,-0.0537672,
23.7907,3.37,0.759524,0.555855,0.796371,0.799892,-0.0436542,
23.7997,3.38,0.765118,0.561571,0.795985,0.799911,-0.0335422,
23.8068,3.39,0.770715,0.567286,0.7957,0.799928,-0.0234312,
23.8151,3.4,0.776314,0.573,0.795516,0.799944,-0.013321,
23.8231,3.41,0.781913,0.578713,0.795434,0.799958,-0.00321137,
23.8313,3.42,0.787513,0.584426,0.795452,0.79997,0.00689771,
23.8386,3.43,0.793112,0.59014,0.795572,0.79998,0.0170064,
24.2351,3.44,0.79871,0.595854,0.795746,0.799982,0.0179384,
24.2452,3.45,0.804308,0.60157,0.79593,0.799984,0.0188704,
24.2546,3.46,0.809904,0.607286,0.796124,0.799985,0.0198023,
24.2749,3.47,0.815499,0.613004,0.796326,0.799987,0.0207343,
24.2957,3.48,0.821093,0.618723,0.796538,0.799989,0.0216663,
24.3059,3.49,0.826686,0.624443,0.79676,0.79999,0.0225982,
24.3163,3.5,0.832277,0.630164,0.79699,0.799991,0.0235302,
24.3263,3.51,0.837868,0.635887,0.79723,0.799992,0.0244622,
24.3384,3.52,0.843456,0.641611,0.79748,0.799993,0.0253942,
24.3485,3.53,0.849044,0.647336,0.797738,0.799994,0.0263263,
24.3587,3.54,0.854629,0.653063,0.798006,0.799995,0.0272583,
24.3688,3.55,0.860214,0.658792,0.798283,0.799996,0.0281903,
24.3793,3.56,0.865796,0.664522,0.79857,0.799996,0.0291224,
24.3904,3.57,0.871377,0.670254,0.798866,0.799997,0.0300544,
24.4017,3.58,0.876957,0.675987,0.799171,0.799997,0.0309865,
24.4368,3.59,0.882534,0.681722,0.799486,0.799998,0.0319185,
24.4466,3.6,0.88811,0.687459,0.799809,0.799998,0.0328506,
24.4565,3.61,0.893684,0.693198,0.800143,0.799998,0.0337827,
24.4673,3.62,0.899255,0.698938,0.800485,0.799999,0.0347148,
24.4775,3.63,0.904825,0.704681,0.800837,0.799999,0.0356469,
24.8001,3.64,0.910393,0.710425,0.801187,0.799992,0.0343506,
24.8073,3.65,0.915959,0.716171,0.801524,0.799985,0.0330542,
24.8152,3.66,0.921523,0.72192,0.801848,0.799979,0.0317578,
24.8249,3.67,0.927085,0.727669,0.802159,0.799973,0.0304612,
24.8349,3.68,0.932645,0.733421,0.802457,0.799968,0.0291646,
24.8454,3.69,0.938203,0.739174,0.802742,0.799963,0.027868,
24.8579,3.7,0.94376,0.744929,0.803015,0.799958,0.0265712,
24.8685,3.71,0.949315,0.750685,0.803274,0.799954,0.0252745,
24.8798,3.72,0.954869,0.756442,0.80352,0.79995,0.0239776,
24.8907,3.73,0.960422,0.762201,0.803753,0.799946,0.0226808,
24.9005,3.74,0.965973,0.767961,0.803974,0.799943,0.0213839,
24.9101,3.75,0.971522,0.773722,0.804181,0.79994,0.0200869,
24.9202,3.76,0.977071,0.779484,0.804375,0.799937,0.0187899,
24.9377,3.77,0.982619,0.785247,0.804557,0.799935,0.0174929,
24.9466,3.78,0.988165,0.791011,0.804725,0.799933,0.0161958,
24.9565,3.79,0.993711,0.796776,0.804881,0.799931,0.0148988,
24.9659,3.8,0.999255,0.802542,0.805023,0.799929,0.0136017,
24.9762,3.81,1.0048,0.808309,0.805153,0.799928,0.0123045,
24.9859,3.82,1.01034,0.814076,0.805269,0.799927,0.0110074,
24.9952,3.83,1.01588,0.819844,0.805373,0.799926,0.00971025,
25.3808,3.84,1.02143,0.825613,0.805466,0.799933,0.00889214,
25.3902,3.85,1.02697,0.831382,0.805551,0.79994,0.00807407,
25.3989,3.86,1.03251,0.837151,0.805627,0.799947,0.00725603,
25.4078,3.87,1.03805,0.842921,0.805696,0.799953,0.00643802,
25.4208,3.88,1.04359,0.848691,0.805756,0.799959,0.00562004,
25.4297,3.89,1.04913,0.854462,0.805808,0.799965,0.00480209,
25.44,3.9,1.05467,0.860233,0.805852,0.79997,0.00398415,
25.4549,3.91,1.06021,0.866004,0.805888,0.799974,0.00316624,
25.4645,3.92,1.06575,0.871776,0.805916,0.799979,0.00234835,
25.4728,3.93,1.07129,0.877548,0.805935,0.799983,0.00153047,
25.4827,3.94,1.07683,0.883319,0.805946,0.799986,0.000712607,
25.4935,3.95,1.08237,0.889091,0.805949,0.79999,-0.000105245,
25.5052,3.96,1.08791,0.894863,0.805944,0.799993,-0.000923088,
25.5196,3.97,1.09345,0.900635,0.805931,0.799995,-0.00174092,
25.5298,3.98,1.09899,0.906407,0.805909,0.799997,-0.00255876,
25.5424,3.99,1.10453,0.912178,0.80588,0.799999,-0.00337659,
25.5526,4,1.11007,0.91795,0.805842,0.8,-0.00419441,
25.5624,4.01,1.11561,0.923721,0.805796,0.800001,-0.00501225,
25.5724,4.02,1.12115,0.929492,0.805741,0.800002,-0.00583008,
25.5826,4.03,1.12669,0.935262,0.805679,0.800002,-0.00664793,
25.9548,4.04,1.13223,0.941032,0.80561,0.8,-0.0072541,
25.9632,4.05,1.13777,0.946802,0.805534,0.799998,-0.00786027,
25.973,4.06,1.14331,0.952572,0.805452,0.799996,-0.00846644,
25.9936,4.07,1.14885,0.958341,0.805365,0.799994,-0.00907262,
26.007,4.08,1.1544,0.964109,0.805271,0.799992,-0.00967879,
26.0192,4.09,1.15994,0.969877,0.805171,0.799991,-0.010285,
26.0305,4.1,1.16549,0.975644,0.805065,0.799989,-0.0108911,
26.0405,4.11,1.17103,0.981411,0.804953,0.799988,-0.0114973,
26.0514,4.12,1.17658,0.987176,0.804835,0.799987,-0.0121035,
26.0618,4.13,1.18212,0.992942,0.804711,0.799986,-0.0127097,
26.0727,4.14,1.18767,0.998706,0.804581,0.799985,-0.0133158,
26.0855,4.15,1.19322,1.00447,0.804445,0.799984,-0.013922,
26.0986,4.16,1.19876,1.01023,0.804303,0.799983,-0.0145281,
26.1166,4.17,1.20431,1.016,0.804154,0.799983,-0.0151343,
26.1355,4.18,1.20986,1.02176,0.804,0.799982,-0.0157404,
26.1987,4.19,1.21541,1.02752,0.80384,0.799982,-0.0163466,
26.2069,4.2,1.22097,1.03328,0.803673,0.799982,-0.0169527,
26.2152,4.21,1.22652,1.03904,0.8035,0.799982,-0.0175588,
26.2222,4.22,1.23207,1.04479,0.803322,0.799982,-0.0181649,
27.2556,4.23,1.23763,1.05055,0.803137,0.799982,-0.0187708,
27.2674,4.24,1.24318,1.05631,0.802959,0.799984,-0.0168476,
27.2773,4.25,1.24874,1.06206,0.8028,0.799986,-0.0149244,
27.2887,4.26,1.2543,1.06781,0.802661,0.799987,-0.0130013,
27.2997,4.27,1.25986,1.07357,0.80254,0.799989,-0.0110781,
27.317,4.28,1.26542,1.07932,0.802439,0.799991,-0.00915499,
27.3291,4.29,1.27098,1.08507,0.802357,0.799992,-0.00723186,
27.3409,4.3,1.27654,1.09082,0.802294,0.799993,-0.00530875,
27.3501,4.31,1.2821,1.09658,0.802251,0.799995,-0.00338566,
27.4195,4.32,1.28766,1.10233,0.802227,0.799996,-0.00146257,
27.4303,4.33,1.29322,1.10808,0.802222,0.799997,0.000460515,
27.4429,4.34,1.29878,1.11383,0.802236,0.799997,0.00238359,
27.4557,4.35,1.30434,1.11958,0.802269,0.799998,0.00430666,
27.4872,4.36,1.3099,1.12533,0.802322,0.799999,0.00622973,
27.5039,4.37,1.31546,1.13108,0.802394,0.799999,0.00815279,
27.52,4.38,1.32102,1.13684,0.802485,0.8,0.0100759,
27.532,4.39,1.32658,1.14259,0.802595,0.8,0.0119989,
27.5422,4.4,1.33214,1.14834,0.802725,0.8,0.013922,
27.5537,4.41,1.3377,1.1541,0.802874,0.8,0.0158451,
27.565,4.42,1.34325,1.15985,0.803042,0.800001,0.0177681,
27.5758,4.43,1.34881,1.16561,0.803229,0.8,0.0196912,
29.2459,4.44,1.35436,1.17137,0.80345,0.800008,0.0244294,
29.2555,4.45,1.35992,1.17713,0.803718,0.800011,0.029168,
29.266,4.46,1.36547,1.18289,0.804033,0.800009,0.0339069,
29.2869,4.47,1.37102,1.18865,0.804396,0.800004,0.0386465,
29.3004,4.48,1.37656,1.19441,0.804806,0.799994,0.0433869,
29.3178,4.49,1.38211,1.20018,0.805264,0.79998,0.0481282,
29.3421,4.5,1.38765,1.20595,0.805769,0.799961,0.0528705,
29.3547,4.51,1.39319,1.21172,0.806321,0.799939,0.057614,
29.3646,4.52,1.39872,1.2175,0.806921,0.799912,0.0623589,
29.3745,4.53,1.40426,1.22327,0.807568,0.799882,0.0671052,
29.3883,4.54,1.40978,1.22906,0.808263,0.799847,0.0718531,
29.399,4.55,1.41531,1.23484,0.809005,0.799809,0.0766027,
29.4096,4.56,1.42082,1.24063,0.809795,0.799767,0.0813541,
29.4189,4.57,1.42634,1.24642,0.810632,0.799722,0.0861075,
29.4339,4.58,1.43184,1.25222,0.811517,0.799673,0.090863,
29.4446,4.59,1.43735,1.25803,0.81245,0.79962,0.0956206,
29.4546,4.6,1.44284,1.26383,0.81343,0.799564,0.10038,
29.4646,4.61,1.44833,1.26965,0.814457,0.799505,0.105143,
29.4754,4.62,1.45382,1.27546,0.815533,0.799443,0.109907,
29.4968,4.63,1.45929,1.28129,0.816656,0.799377,0.114674,
30.8067,4.64,1.46476,1.28712,0.817763,0.799423,0.106764,
30.8162,4.65,1.47023,1.29295,0.818791,0.799467,0.0988549,
30.8262,4.66,1.47568,1.29879,0.81974,0.799511,0.0909475,
30.8374,4.67,1.48114,1.30464,0.82061,0.799553,0.0830418,
30.8473,4.68,1.48659,1.31049,0.821401,0.799594,0.0751379,
30.8575,4.69,1.49203,1.31635,0.822112,0.799633,0.0672356,
30.8686,4.7,1.49747,1.32221,0.822745,0.799671,0.0593349,
30.8792,4.71,1.50291,1.32807,0.823299,0.799707,0.0514358,
30.8902,4.72,1.50835,1.33394,0.823774,0.799741,0.043538,
30.9001,4.73,1.51378,1.33981,0.82417,0.799774,0.0356415,
30.9089,4.74,1.51921,1.34568,0.824487,0.799804,0.0277463,
30.9198,4.75,1.52464,1.35155,0.824725,0.799832,0.0198521,
30.9304,4.76,1.53007,1.35742,0.824884,0.799858,0.0119589,
30.9396,4.77,1.5355,1.3633,0.824964,0.799881,0.00406651,
30.9504,4.78,1.54092,1.36918,0.824965,0.799903,-0.00382517,
30.9608,4.79,1.54635,1.37505,0.824888,0.799922,-0.0117163,
30.9708,4.8,1.55178,1.38093,0.824731,0.799939,-0.0196069,
30.9821,4.81,1.55721,1.3868,0.824495,0.799955,-0.0274973,
30.9927,4.82,1.56264,1.39267,0.824181,0.799967,-0.0353874,
31.2712,4.83,1.56808,1.39854,0.823788,0.799978,-0.0432775,
31.2797,4.84,1.57351,1.40441,0.823223,0.800063,-0.0696676,
31.2886,4.85,1.57896,1.41028,0.822394,0.800122,-0.0960573,
31.2995,4.86,1.5844,1.41614,0.821302,0.800156,-0.122452,
31.3093,4.87,1.58986,1.42199,0.819945,0.800164,-0.148855,
31.3202,4.88,1.59532,1.42784,0.818325,0.80015,-0.175273,
31.3313,4.89,1.6008,1.43367,0.81644,0.800112,-0.201709,
31.3425,4.9,1.60628,1.4395,0.81429,0.800053,-0.228167,
31.3531,4.91,1.61178,1.44531,0.811876,0.799974,-0.25465,
31.364,4.92,1.61729,1.45111,0.809197,0.799876,-0.281161,
31.3747,4.93,1.62282,1.45689,0.806253,0.799761,-0.307703,
31.3856,4.94,1.62837,1.46265,0.803043,0.799631,-0.334277,
31.3963,4.95,1.63393,1.46839,0.799567,0.799488,-0.360885,
31.407,4.96,1.63951,1.47411,0.795825,0.799334,-0.387528,
31.4172,4.97,1.64511,1.47981,0.791817,0.799171,-0.414204,
31.4281,4.98,1.65074,1.48549,0.787541,0.799003,-0.440913,
31.4386,4.99,1.65639,1.49114,0.782998,0.798832,-0.467653,
31.4479,5,1.66207,1.49676,0.778188,0.79866,-0.494421,
31.4576,5.01,1.66777,1.50235,0.77311,0.798491,-0.521212,
31.4669,5.02,1.6735,1.50791,0.767764,0.798329,-0.548023,
31.4761,5.03,1.67925,1.51344,0.762149,0.798175,-0.574847,
31.7791,5.04,1.68504,1.51893,0.756583,0.798283,-0.538433,
31.7905,5.05,1.69086,1.5244,0.751381,0.798407,-0.502015,
31.8001,5.06,1.69671,1.52983,0.746543,0.798545,-0.465604,
31.8092,5.07,1.70259,1.53524,0.742069,0.798691,-0.429207,
31.8176,5.08,1.70849,1.54063,0.737958,0.798842,-0.392831,
31.8267,5.09,1.71441,1.54599,0.734212,0.798994,-0.356479,
31.8349,5.1,1.72035,1.55134,0.730829,0.799144,-0.320156,
31.8431,5.11,1.72631,1.55666,0.727809,0.799289,-0.283862,
31.8504,5.12,1.73228,1.56197,0.725151,0.799426,-0.247597,
31.8589,5.13,1.73827,1.56727,0.722857,0.799554,-0.211361,
31.8676,5.14,1.74427,1.57255,0.720924,0.799669,-0.175152,
31.8751,5.15,1.75029,1.57783,0.719353,0.799771,-0.138968,
31.8837,5.16,1.75631,1.58309,0.718145,0.799858,-0.102804,
31.892,5.17,1.76233,1.58835,0.717297,0.799929,-0.066657,
31.9013,5.18,1.76836,1.59361,0.716811,0.799984,-0.030523,
31.9094,5.19,1.77439,1.59886,0.716687,0.800021,0.00560296,
31.9176,5.2,1.78042,1.60412,0.716923,0.800041,0.0417254,
31.9258,5.21,1.78645,1.60938,0.717521,0.800043,0.077849,
31.934,5.22,1.79248,1.61464,0.71848,0.80003,0.113978,
35.8025,5.23,1.7985,1.61991,0.719801,0.8,0.150117,
35.8162,5.24,1.80451,1.62519,0.721378,0.800048,0.165206,
35.8245,5.25,1.81051,1.63048,0.723105,0.80008,0.180303,
35.8344,5.26,1.81651,1.63578,0.724984,0.800097,0.19541,
35.8445,5.27,1.82249,1.64109,0.727013,0.8001,0.210527,
35.8541,5.28,1.82846,1.64641,0.729194,0.80009,0.225656,
35.8639,5.29,1.83442,1.65175,0.731526,0.800066,0.240798,
35.8812,5.3,1.84037,1.6571,0.73401,0.800031,0.255953,
35.8921,5.31,1.8463,1.66247,0.736646,0.799985,0.271123,
35.9025,5.32,1.85222,1.66785,0.739433,0.799928,0.286309,
35.9127,5.33,1.85812,1.67325,0.742372,0.799863,0.30151,
35.9242,5.34,1.86401,1.67867,0.745463,0.799789,0.316726,
35.9346,5.35,1.86988,1.6841,0.748706,0.799709,0.331959,
35.9449,5.36,1.87573,1.68956,0.752102,0.799623,0.347207,
35.9551,5.37,1.88155,1.69503,0.755651,0.799533,0.362469,
35.9647,5.38,1.88736,1.70052,0.759352,0.799439,0.377747,
35.9747,5.39,1.89315,1.70604,0.763206,0.799344,0.393037,
35.9861,5.4,1.89892,1.71157,0.767212,0.799248,0.40834,
35.9964,5.41,1.90466,1.71713,0.771372,0.799153,0.423653,
36.0066,5.42,1.91037,1.72271,0.775686,0.799061,0.438975,
36.0168,5.43,1.91607,1.72832,0.780152,0.798974,0.454303,
36.6714,5.44,1.92173,1.73395,0.784585,0.798977,0.432229,
36.6805,5.45,1.92738,1.73961,0.788796,0.798995,0.410139,
36.6915,5.46,1.93299,1.74529,0.792787,0.799027,0.388038,
36.7032,5.47,1.93859,1.75099,0.796557,0.79907,0.36593,
36.7237,5.48,1.94417,1.75672,0.800106,0.799121,0.343818,
36.7345,5.49,1.94973,1.76246,0.803434,0.799179,0.321706,
36.7451,5.5,1.95527,1.76822,0.80654,0.799243,0.299596,
36.7559,5.51,1.96079,1.774,0.809425,0.799311,0.27749,
36.7656,5.52,1.96629,1.77979,0.81209,0.79938,0.25539,
36.7758,5.53,1.97179,1.7856,0.814533,0.79945,0.233296,
36.7893,5.54,1.97727,1.79142,0.816756,0.79952,0.21121,
36.7989,5.55,1.98273,1.79726,0.818758,0.799588,0.189132,
36.8082,5.56,1.98819,1.8031,0.820538,0.799653,0.167062,
36.8187,5.57,1.99364,1.80896,0.822099,0.799714,0.145,
36.8279,5.58,1.99908,1.81482,0.823439,0.799771,0.122946,
36.8374,5.59,2.00451,1.82069,0.824558,0.799822,0.100899,
36.8475,5.6,2.00994,1.82656,0.825457,0.799868,0.0788584,
36.8563,5.61,2.01536,1.83244,0.826135,0.799907,0.0568232,
36.8653,5.62,2.02078,1.83833,0.826593,0.799939,0.0347924,
36.8745,5.63,2.0262,1.84421,0.826831,0.799964,0.0127648,
37.1961,5.64,2.03162,1.8501,0.826929,0.799974,0.00679147,
37.2052,5.65,2.03703,1.85599,0.826967,0.799981,0.000818351,
37.2163,5.66,2.04245,1.86187,0.826945,0.799988,-0.00515461,
37.2289,5.67,2.04787,1.86776,0.826864,0.799993,-0.0111275,
37.2509,5.68,2.05329,1.87364,0.826722,0.799996,-0.0171003,
37.2659,5.69,2.0587,1.87953,0.826522,0.799998,-0.0230731,
37.279,5.7,2.06413,1.88541,0.826261,0.799999,-0.0290461,
37.3031,5.71,2.06955,1.8913,0.825941,0.799998,-0.0350192,
37.3137,5.72,2.07497,1.89718,0.825561,0.799997,-0.0409924,
37.3315,5.73,2.0804,1.90305,0.825121,0.799993,-0.046966,
37.3442,5.74,2.08583,1.90893,0.824621,0.799989,-0.0529398,
37.3582,5.75,2.09126,1.9148,0.824062,0.799984,-0.058914,
37.368,5.76,2.09669,1.92067,0.823443,0.799977,-0.0648885,
37.3783,5.77,2.10213,1.92654,0.822764,0.79997,-0.0708635,
37.4123,5.78,2.10758,1.9324,0.822026,0.799962,-0.0768388,
37.4235,5.79,2.11303,1.93826,0.821227,0.799953,-0.0828147,
37.4347,5.8,2.11848,1.94411,0.820369,0.799944,-0.0887909,
37.4509,5.81,2.12394,1.94996,0.819452,0.799934,-0.0947676,
37.4625,5.82,2.1294,1.9558,0.818474,0.799924,-0.100745,
37.6641,5.83,2.13487,1.96164,0.817437,0.799913,-0.106722,
37.6735,5.84,2.14034,1.96747,0.816392,0.799913,-0.102264,
37.6837,5.85,2.14582,1.9733,0.815391,0.799913,-0.0978053,
37.6956,5.86,2.15131,1.97912,0.814436,0.799914,-0.0933464,
37.7069,5.87,2.1568,1.98493,0.813524,0.799916,-0.0888874,
37.7183,5.88,2.1623,1.99074,0.812658,0.799918,-0.0844283,
37.7296,5.89,2.1678,1.99655,0.811836,0.799921,-0.0799691,
37.7408,5.9,2.17331,2.00235,0.811058,0.799925,-0.0755099,
37.7521,5.91,2.17882,2.00815,0.810326,0.799929,-0.0710506,
37.7635,5.92,2.18434,2.01394,0.809637,0.799933,-0.0665915,
37.7745,5.93,2.18986,2.01973,0.808994,0.799937,-0.0621323,
37.7845,5.94,2.19538,2.02552,0.808395,0.799942,-0.0576732,
37.7942,5.95,2.20091,2.0313,0.80784,0.799946,-0.0532142,
37.8043,5.96,2.20644,2.03708,0.807331,0.799951,-0.0487553,
37.8125,5.97,2.21197,2.04286,0.806865,0.799956,-0.0442965,
37.821,5.98,2.2175,2.04864,0.806445,0.79996,-0.0398377,
37.8298,5.99,2.22304,2.05441,0.806069,0.799965,-0.0353791,
37.8414,6,2.22858,2.06018,0.805737,0.799969,-0.0309206,
37.8537,6.01,2.23412,2.06595,0.80545,0.799973,-0.0264621,
37.8648,6.02,2.23967,2.07172,0.805208,0.799977,-0.0220038,
37.8762,6.03,2.24521,2.07749,0.80501,0.79998,-0.0175455,
38.2172,6.04,2.25075,2.08325,0.804843,0.799976,-0.0158263,
38.2267,6.05,2.2563,2.08902,0.804694,0.799971,-0.014107,
38.2432,6.06,2.26185,2.09478,0.804561,0.799967,-0.0123876,
38.2739,6.07,2.26739,2.10055,0.804446,0.799963,-0.0106682,
38.3107,6.08,2.27294,2.10631,0.804348,0.79996,-0.0089488,
38.3207,6.09,2.27849,2.11207,0.804267,0.799956,-0.00722935,
38.3316,6.1,2.28404,2.11783,0.804203,0.799953,-0.00550987,
38.3417,6.11,2.28959,2.1236,0.804157,0.79995,-0.00379037,
38.3549,6.12,2.29514,2.12936,0.804127,0.799947,-0.00207084,
38.3704,6.13,2.30069,2.13512,0.804115,0.799945,-0.0003513,
38.3799,6.14,2.30624,2.14088,0.80412,0.799943,0.00136826,
38.3902,6.15,2.31179,2.14664,0.804143,0.799941,0.00308783,
38.4005,6.16,2.31734,2.1524,0.804182,0.799939,0.00480741,
38.4104,6.17,2.32289,2.15817,0.804239,0.799938,0.00652699,
38.4207,6.18,2.32844,2.16393,0.804313,0.799936,0.00824658,
38.4314,6.19,2.33398,2.16969,0.804404,0.799935,0.00996617,
38.442,6.2,2.33953,2.17545,0.804512,0.799935,0.0116858,
38.4507,6.21,2.34508,2.18122,0.804637,0.799934,0.0134053,
38.4608,6.22,2.35062,2.18698,0.80478,0.799934,0.0151249,
38.7623,6.23,2.35617,2.19275,0.80494,0.799934,0.0168441,
38.7706,6.24,2.36171,2.19851,0.805107,0.799939,0.0165059,
38.783,6.25,2.36726,2.20428,0.80527,0.799943,0.0161677,
38.8145,6.26,2.3728,2.21005,0.80543,0.799948,0.0158296,
38.8412,6.27,2.37834,2.21582,0.805587,0.799952,0.0154915,
38.8517,6.28,2.38388,2.22159,0.80574,0.799956,0.0151533,
38.8615,6.29,2.38942,2.22736,0.80589,0.79996,0.0148152,
38.8716,6.3,2.39496,2.23313,0.806036,0.799964,0.0144772,
38.8838,6.31,2.4005,2.2389,0.806179,0.799967,0.0141391,
38.8933,6.32,2.40604,2.24468,0.806319,0.799971,0.013801,
38.9024,6.33,2.41157,2.25045,0.806455,0.799974,0.013463,
38.9115,6.34,2.41711,2.25623,0.806588,0.799977,0.013125,
38.9217,6.35,2.42264,2.262,0.806718,0.79998,0.0127869,
38.9317,6.36,2.42818,2.26778,0.806844,0.799982,0.0124489,
38.9421,6.37,2.43371,2.27355,0.806967,0.799985,0.012111,
38.9504,6.38,2.43925,2.27933,0.807086,0.799987,0.011773,
38.9596,6.39,2.44478,2.28511,0.807202,0.799989,0.011435,
38.9697,6.4,2.45031,2.29089,0.807315,0.799991,0.011097,
38.979,6.41,2.45584,2.29667,0.807424,0.799993,0.0107591,
38.9892,6.42,2.46137,2.30245,0.80753,0.799995,0.0104211,
39.1972,6.43,2.4669,2.30823,0.807633,0.799996,0.0100831,
39.2039,6.44,2.47243,2.31401,0.807729,0.799997,0.00930282,
39.2124,6.45,2.47796,2.31979,0.807819,0.799997,0.00852254,
39.222,6.46,2.48349,2.32558,0.8079,0.799997,0.00774226,
39.2314,6.47,2.48902,2.33136,0.807973,0.799997,0.00696198,
39.2413,6.48,2.49454,2.33714,0.808039,0.799998,0.0061817,
39.2514,6.49,2.50007,2.34293,0.808097,0.799998,0.00540143,
39.2597,6.5,2.5056,2.34871,0.808147,0.799998,0.00462115,
39.2697,6.51,2.51112,2.35449,0.808189,0.799998,0.00384088,
39.2795,6.52,2.51665,2.36028,0.808224,0.799999,0.0030606,
39.2903,6.53,2.52218,2.36606,0.808251,0.799999,0.00228033,
39.3003,6.54,2.5277,2.37185,0.80827,0.799999,0.00150006,
39.31,6.55,2.53323,2.37763,0.808281,0.799999,0.000719787,
39.3197,6.56,2.53875,2.38342,0.808284,0.799999,-6.04838e-005,
39.3294,6.57,2.54428,2.3892,0.808279,0.799999,-0.000840754,
39.3374,6.58,2.54981,2.39499,0.808267,0.8,-0.00162102,
39.3452,6.59,2.55533,2.40077,0.808247,0.8,-0.00240129,
39.3546,6.6,2.56086,2.40656,0.808219,0.8,-0.00318156,
39.3648,6.61,2.56639,2.41234,0.808183,0.8,-0.00396183,
39.3747,6.62,2.57191,2.41812,0.80814,0.8,-0.0047421,
39.5505,6.63,2.57744,2.42391,0.808089,0.8,-0.00552237,
39.5585,6.64,2.58297,2.42969,0.808034,0.8,-0.00534188,
39.5679,6.65,2.58849,2.43548,0.807982,0.8,-0.00516138,
39.5786,6.66,2.59402,2.44126,0.807931,0.8,-0.00498089,
39.5897,6.67,2.59955,2.44704,0.807882,0.8,-0.0048004,
39.6116,6.68,2.60508,2.45282,0.807835,0.8,-0.0046199,
39.6232,6.69,2.61061,2.45861,0.80779,0.8,-0.00443941,
39.6332,6.7,2.61614,2.46439,0.807746,0.8,-0.00425891,
39.6431,6.71,2.62166,2.47017,0.807705,0.8,-0.00407842,
39.6531,6.72,2.62719,2.47595,0.807665,0.8,-0.00389792,
39.6627,6.73,2.63272,2.48173,0.807627,0.8,-0.00371743,
39.6731,6.74,2.63825,2.48751,0.80759,0.8,-0.00353693,
39.6828,6.75,2.64378,2.49329,0.807556,0.8,-0.00335644,
39.693,6.76,2.64931,2.49908,0.807523,0.8,-0.00317594,
39.7016,6.77,2.65484,2.50486,0.807492,0.8,-0.00299545,
39.7111,6.78,2.66037,2.51064,0.807463,0.8,-0.00281496,
39.721,6.79,2.66591,2.51642,0.807436,0.8,-0.00263446,
39.7314,6.8,2.67144,2.5222,0.807411,0.8,-0.00245397,
39.7417,6.81,2.67697,2.52798,0.807387,0.8,-0.00227347,
39.7509,6.82,2.6825,2.53376,0.807365,0.8,-0.00209298,
39.7593,6.83,2.68803,2.53954,0.807345,0.8,-0.00191248,
39.9824,6.84,2.69356,2.54532,0.807327,0.8,-0.00177823,
39.9903,6.85,2.69909,2.5511,0.80731,0.8,-0.00164399,
39.9989,6.86,2.70462,2.55687,0.807294,0.8,-0.00150974,
40.0088,6.87,2.71016,2.56265,0.807279,0.8,-0.0013755,
40.0187,6.88,2.71569,2.56843,0.807266,0.8,-0.00124125,
40.0287,6.89,2.72122,2.57421,0.807255,0.8,-0.001107,
40.0374,6.9,2.72675,2.57999,0.807244,0.8,-0.000972759,
40.0466,6.91,2.73228,2.58577,0.807235,0.8,-0.000838513,
40.0558,6.92,2.73782,2.59155,0.807227,0.8,-0.000704267,
40.0658,6.93,2.74335,2.59733,0.807221,0.8,-0.000570021,
40.076,6.94,2.74888,2.60311,0.807216,0.8,-0.000435776,
40.0855,6.95,2.75441,2.60889,0.807212,0.8,-0.00030153,
40.0957,6.96,2.75994,2.61466,0.80721,0.8,-0.000167284,
40.1069,6.97,2.76548,2.62044,0.807209,0.8,-3.30382e-005,
40.1268,6.98,2.77101,2.62622,0.807209,0.8,0.000101208,
40.1361,6.99,2.77654,2.632,0.807211,0.8,0.000235453,
40.1467,7,2.78207,2.63778,0.807214,0.8,0.000369699,
40.1574,7.01,2.7876,2.64356,0.807218,0.8,0.000503945,
40.1661,7.02,2.79314,2.64934,0.807224,0.8,0.000638191,
40.1757,7.03,2.79867,2.65512,0.807231,0.8,0.000772437,
40.4731,7.04,2.8042,2.6609,0.807241,0.8,0.00119644,
40.4816,7.05,2.80973,2.66668,0.807255,0.8,0.00162044,
40.4917,7.06,2.81526,2.67245,0.807273,0.8,0.00204444,
40.5112,7.07,2.8208,2.67823,0.807296,0.8,0.00246844,
40.5217,7.08,2.82633,2.68401,0.807323,0.8,0.00289245,
40.5323,7.09,2.83186,2.68979,0.807354,0.8,0.00331645,
40.5425,7.1,2.83739,2.69557,0.807389,0.8,0.00374045,
40.5526,7.11,2.84292,2.70135,0.807429,0.8,0.00416446,
40.5627,7.12,2.84845,2.70713,0.807472,0.8,0.00458846,
40.5726,7.13,2.85398,2.71291,0.80752,0.8,0.00501247,
40.583,7.14,2.85951,2.71869,0.807573,0.8,0.00543647,
40.5934,7.15,2.86504,2.72448,0.807629,0.799999,0.00586048,
40.6039,7.16,2.87057,2.73026,0.80769,0.799999,0.00628448,
40.6134,7.17,2.8761,2.73604,0.807755,0.799999,0.00670849,
40.6218,7.18,2.88163,2.74182,0.807824,0.799999,0.0071325,
40.6313,7.19,2.88716,2.7476,0.807897,0.799998,0.00755651,
40.6416,7.2,2.89269,2.75339,0.807975,0.799998,0.00798052,
40.6517,7.21,2.89821,2.75917,0.808057,0.799998,0.00840453,
40.6621,7.22,2.90374,2.76495,0.808143,0.799998,0.00882854,
41.0836,7.23,2.90927,2.77074,0.808234,0.799997,0.00925256,
41.091,7.24,2.91479,2.77652,0.808321,0.799998,0.00820379,
41.1015,7.25,2.92032,2.78231,0.808398,0.799998,0.00715502,
41.1161,7.26,2.92584,2.78809,0.808464,0.799998,0.00610625,
41.1352,7.27,2.93137,2.79388,0.80852,0.799999,0.00505748,
41.154,7.28,2.93689,2.79966,0.808565,0.799999,0.00400872,
41.1737,7.29,2.94242,2.80545,0.8086,0.799999,0.00295995,
41.1884,7.3,2.94794,2.81124,0.808624,0.799999,0.00191119,
41.2012,7.31,2.95346,2.81702,0.808638,0.799999,0.000862427,
41.2251,7.32,2.95899,2.82281,0.808642,0.8,-0.000186335,
41.2521,7.33,2.96451,2.8286,0.808634,0.8,-0.0012351,
41.2658,7.34,2.97004,2.83439,0.808617,0.8,-0.00228386,
41.2812,7.35,2.97556,2.84017,0.808589,0.8,-0.00333262,
41.2913,7.36,2.98108,2.84596,0.80855,0.8,-0.00438138,
41.314,7.37,2.98661,2.85174,0.808501,0.8,-0.00543014,
41.3238,7.38,2.99213,2.85753,0.808442,0.8,-0.0064789,
41.3333,7.39,2.99766,2.86332,0.808372,0.8,-0.00752766,
41.3437,7.4,3.00318,2.8691,0.808291,0.8,-0.00857643,
41.3538,7.41,3.00871,2.87489,0.8082,0.8,-0.00962519,
41.3664,7.42,3.01424,2.88067,0.808099,0.8,-0.010674,
41.7448,7.43,3.01976,2.88645,0.807987,0.8,-0.0117226,
41.7528,7.44,3.02529,2.89224,0.807858,0.800001,-0.0140749,
41.7601,7.45,3.03082,2.89802,0.807705,0.800001,-0.0164272,
41.7702,7.46,3.03635,2.9038,0.807529,0.800002,-0.0187796,
41.7801,7.47,3.04188,2.90958,0.807329,0.800002,-0.0211319,
41.8068,7.48,3.04741,2.91536,0.807106,0.800002,-0.0234843,
41.8185,7.49,3.05295,2.92114,0.80686,0.800001,-0.0258367,
41.833,7.5,3.05848,2.92691,0.80659,0.800001,-0.0281891,
41.8513,7.51,3.06402,2.93269,0.806296,0.8,-0.0305416,
41.8636,7.52,3.06956,2.93846,0.805979,0.799999,-0.0328941,
41.8728,7.53,3.0751,2.94423,0.805638,0.799998,-0.0352466,
41.8826,7.54,3.08064,2.95,0.805274,0.799996,-0.0375992,
41.8923,7.55,3.08618,2.95577,0.804886,0.799995,-0.0399518,
41.9019,7.56,3.09173,2.96153,0.804475,0.799993,-0.0423044,
41.9117,7.57,3.09728,2.96729,0.80404,0.799992,-0.0446571,
41.9208,7.58,3.10283,2.97305,0.803582,0.79999,-0.0470098,
41.9304,7.59,3.10839,2.97881,0.8031,0.799988,-0.0493626,
41.9409,7.6,3.11394,2.98457,0.802594,0.799986,-0.0517153,
41.9504,7.61,3.1195,2.99032,0.802066,0.799985,-0.0540681,
41.9604,7.62,3.12507,2.99607,0.801513,0.799983,-0.0564209,
42.3301,7.63,3.13063,3.00181,0.800937,0.799981,-0.0587738,
42.3533,7.64,3.1362,3.00755,0.800371,0.799983,-0.0544549,
42.3742,7.65,3.14178,3.01329,0.799848,0.799985,-0.0501361,
42.3859,7.66,3.14735,3.01903,0.799368,0.799987,-0.0458173,
42.3963,7.67,3.15293,3.02476,0.798932,0.799989,-0.0414985,
42.4059,7.68,3.15851,3.0305,0.798538,0.799991,-0.0371798,
42.4143,7.69,3.16409,3.03623,0.798188,0.799992,-0.0328611,
42.4241,7.7,3.16968,3.04195,0.797881,0.799994,-0.0285424,
42.433,7.71,3.17527,3.04768,0.797617,0.799996,-0.0242239,
42.4427,7.72,3.18085,3.0534,0.797397,0.799997,-0.0199053,
42.4522,7.73,3.18644,3.05913,0.797219,0.799998,-0.0155868,
42.4621,7.74,3.19203,3.06485,0.797085,0.799999,-0.0112683,
42.4729,7.75,3.19762,3.07057,0.796994,0.8,-0.00694985,
42.4821,7.76,3.20321,3.0763,0.796946,0.8,-0.0026314,
42.4913,7.77,3.20881,3.08202,0.796941,0.8,0.00168704,
42.4999,7.78,3.2144,3.08774,0.79698,0.8,0.00600548,
42.5095,7.79,3.21999,3.09346,0.797061,0.8,0.0103239,
42.5201,7.8,3.22558,3.09918,0.797186,0.799999,0.0146424,
42.5311,7.81,3.23117,3.10491,0.797354,0.799998,0.0189609,
42.5399,7.82,3.23676,3.11063,0.797565,0.799997,0.0232794,
42.5479,7.83,3.24234,3.11636,0.79782,0.799996,0.027598,
42.8072,7.84,3.24793,3.12209,0.798098,0.799999,0.027991,
42.815,7.85,3.25351,3.12781,0.79838,0.800001,0.0283841,
42.8242,7.86,3.25909,3.13355,0.798665,0.800002,0.0287773,
42.8343,7.87,3.26467,3.13928,0.798955,0.800003,0.0291706,
42.8442,7.88,3.27025,3.14501,0.799249,0.800003,0.0295639,
42.853,7.89,3.27583,3.15075,0.799546,0.800002,0.0299573,
42.8619,7.9,3.28141,3.15648,0.799848,0.800001,0.0303507,
42.8715,7.91,3.28698,3.16222,0.800153,0.799999,0.0307443,
42.8835,7.92,3.29255,3.16796,0.800463,0.799997,0.0311379,
42.8934,7.93,3.29812,3.17371,0.800776,0.799994,0.0315315,
42.903,7.94,3.30369,3.17945,0.801093,0.799991,0.0319253,
42.9131,7.95,3.30926,3.1852,0.801415,0.799987,0.0323191,
42.9218,7.96,3.31482,3.19094,0.80174,0.799982,0.032713,
42.9318,7.97,3.32038,3.19669,0.802069,0.799977,0.033107,
42.9416,7.98,3.32594,3.20244,0.802402,0.799971,0.0335011,
42.9509,7.99,3.3315,3.2082,0.802739,0.799965,0.0338952,
42.9609,8,3.33706,3.21395,0.80308,0.799958,0.0342895,
42.9693,8.01,3.34261,3.21971,0.803425,0.799951,0.0346838,
42.9776,8.02,3.34817,3.22547,0.803773,0.799943,0.0350782,
42.9869,8.03,3.35372,3.23123,0.804126,0.799934,0.0354727,
43.4208,8.04,3.35926,3.23699,0.80448,0.799938,0.035317,
43.4307,8.05,3.36481,3.24275,0.804833,0.799941,0.0351614,
43.4439,8.06,3.37036,3.24852,0.805183,0.799944,0.0350057,
43.454,8.07,3.3759,3.25429,0.805533,0.799947,0.0348501,
43.4678,8.08,3.38144,3.26006,0.80588,0.79995,0.0346945,
43.4785,8.09,3.38698,3.26583,0.806227,0.799953,0.0345389,
43.4884,8.1,3.39251,3.2716,0.806571,0.799956,0.0343833,
43.4979,8.11,3.39805,3.27738,0.806914,0.799958,0.0342278,
43.5072,8.12,3.40358,3.28316,0.807256,0.799961,0.0340722,
43.5175,8.13,3.40911,3.28894,0.807596,0.799964,0.0339167,
43.5274,8.14,3.41464,3.29472,0.807934,0.799966,0.0337611,
43.5382,8.15,3.42017,3.3005,0.808271,0.799969,0.0336056,
43.5497,8.16,3.42569,3.30629,0.808606,0.799971,0.0334501,
43.56,8.17,3.43121,3.31208,0.80894,0.799973,0.0332946,
43.5711,8.18,3.43674,3.31787,0.809272,0.799976,0.0331392,
43.5814,8.19,3.44225,3.32366,0.809603,0.799978,0.0329837,
43.5909,8.2,3.44777,3.32945,0.809932,0.79998,0.0328283,
43.601,8.21,3.45329,3.33524,0.810259,0.799982,0.0326729,
43.6112,8.22,3.4588,3.34104,0.810585,0.799984,0.0325174,
44.5989,8.23,3.46431,3.34684,0.81091,0.799986,0.0323621,
44.6073,8.24,3.46982,3.35264,0.811225,0.799986,0.0307369,
44.6152,8.25,3.47533,3.35844,0.811524,0.799987,0.0291118,
44.6243,8.26,3.48084,3.36424,0.811807,0.799988,0.0274867,
44.6358,8.27,3.48634,3.37005,0.812074,0.799989,0.0258616,
44.6467,8.28,3.49184,3.37585,0.812325,0.799989,0.0242365,
44.6571,8.29,3.49735,3.38166,0.812559,0.79999,0.0226114,
44.6673,8.3,3.50285,3.38747,0.812777,0.799991,0.0209863,
44.6769,8.31,3.50834,3.39328,0.812979,0.799992,0.0193612,
44.6871,8.32,3.51384,3.39909,0.813164,0.799993,0.0177362,
44.6977,8.33,3.51934,3.4049,0.813333,0.799993,0.0161111,
44.7086,8.34,3.52484,3.41072,0.813486,0.799994,0.014486,
44.7189,8.35,3.53033,3.41653,0.813623,0.799995,0.012861,
44.7282,8.36,3.53583,3.42235,0.813743,0.799996,0.0112359,
44.7385,8.37,3.54132,3.42816,0.813848,0.799996,0.00961086,
44.7579,8.38,3.54681,3.43398,0.813936,0.799997,0.00798582,
44.7679,8.39,3.55231,3.43979,0.814007,0.799997,0.00636079,
44.7786,8.4,3.5578,3.44561,0.814063,0.799998,0.00473575,
44.7909,8.41,3.56329,3.45143,0.814102,0.799998,0.00311073,
44.8091,8.42,3.56878,3.45724,0.814125,0.799999,0.0014857,
45.1579,8.43,3.57428,3.46306,0.814132,0.799999,-0.000139706,
45.1657,8.44,3.57977,3.46888,0.814122,0.799996,-0.00180401,
45.175,8.45,3.58526,3.47469,0.814096,0.799992,-0.00346833,
45.187,8.46,3.59075,3.48051,0.814053,0.799989,-0.00513267,
45.1981,8.47,3.59624,3.48633,0.813993,0.799986,-0.00679703,
45.2082,8.48,3.60174,3.49214,0.813917,0.799983,-0.0084614,
45.2194,8.49,3.60723,3.49796,0.813824,0.79998,-0.0101258,
45.2324,8.5,3.61272,3.50377,0.813714,0.799977,-0.0117902,
45.243,8.51,3.61822,3.50959,0.813588,0.799975,-0.0134546,
45.2535,8.52,3.62371,3.5154,0.813445,0.799972,-0.015119,
45.2645,8.53,3.62921,3.52121,0.813286,0.79997,-0.0167835,
45.2752,8.54,3.63471,3.52703,0.81311,0.799967,-0.0184479,
45.2849,8.55,3.64021,3.53284,0.812917,0.799965,-0.0201124,
45.2947,8.56,3.64571,3.53865,0.812707,0.799963,-0.0217768,
45.3051,8.57,3.65121,3.54445,0.812481,0.799961,-0.0234413,
45.3158,8.58,3.65671,3.55026,0.812239,0.79996,-0.0251057,
45.3253,8.59,3.66221,3.55607,0.811979,0.799958,-0.0267701,
45.336,8.6,3.66772,3.56187,0.811703,0.799957,-0.0284346,
45.3479,8.61,3.67322,3.56767,0.81141,0.799956,-0.030099,
45.3591,8.62,3.67873,3.57347,0.811101,0.799955,-0.0317634,
45.5648,8.63,3.68424,3.57927,0.810775,0.799954,-0.0334278,
45.5754,8.64,3.68975,3.58507,0.810452,0.799958,-0.0312421,
45.5865,8.65,3.69527,3.59087,0.81015,0.799961,-0.0290564,
45.5981,8.66,3.70078,3.59666,0.809871,0.799964,-0.0268708,
45.6093,8.67,3.7063,3.60245,0.809613,0.799967,-0.0246852,
45.6205,8.68,3.71182,3.60824,0.809377,0.79997,-0.0224996,
45.6315,8.69,3.71734,3.61403,0.809163,0.799973,-0.020314,
45.6424,8.7,3.72286,3.61982,0.808971,0.799975,-0.0181285,
45.6523,8.71,3.72838,3.62561,0.8088,0.799978,-0.0159431,
45.6618,8.72,3.73391,3.6314,0.808652,0.799981,-0.0137576,
45.672,8.73,3.73943,3.63719,0.808525,0.799983,-0.0115722,
45.6826,8.74,3.74496,3.64297,0.80842,0.799985,-0.00938679,
45.693,8.75,3.75048,3.64876,0.808337,0.799987,-0.00720141,
45.7022,8.76,3.75601,3.65454,0.808276,0.799989,-0.00501606,
45.7127,8.77,3.76153,3.66033,0.808237,0.799991,-0.00283073,
45.7234,8.78,3.76706,3.66611,0.80822,0.799993,-0.000645406,
45.7341,8.79,3.77258,3.67189,0.808224,0.799994,0.0015399,
45.744,8.8,3.77811,3.67768,0.808251,0.799995,0.0037252,
45.7549,8.81,3.78364,3.68346,0.808299,0.799996,0.00591048,
45.7658,8.82,3.78916,3.68925,0.808369,0.799997,0.00809577,
45.7734,8.83,3.79469,3.69503,0.808461,0.799998,0.010281,
47.4708,8.84,3.80021,3.70082,0.808559,0.799995,0.00935484,
47.4807,8.85,3.80574,3.70661,0.808648,0.799992,0.00842863,
47.4902,8.86,3.81126,3.71239,0.808727,0.799989,0.00750242,
47.5111,8.87,3.81678,3.71818,0.808798,0.799985,0.0065762,
47.5237,8.88,3.82231,3.72397,0.808859,0.799981,0.00564998,
47.5548,8.89,3.82783,3.72976,0.808911,0.799976,0.00472375,
47.566,8.9,3.83335,3.73555,0.808953,0.799971,0.00379751,
47.5798,8.91,3.83887,3.74133,0.808987,0.799966,0.00287126,
47.5903,8.92,3.84439,3.74712,0.809011,0.799961,0.00194499,
47.6021,8.93,3.84991,3.75291,0.809026,0.799955,0.0010187,
47.6134,8.94,3.85544,3.7587,0.809031,0.799949,9.23979e-005,
47.6246,8.95,3.86096,3.76449,0.809028,0.799942,-0.000833928,
47.635,8.96,3.86648,3.77028,0.809015,0.799936,-0.00176028,
47.6454,8.97,3.872,3.77606,0.808992,0.799929,-0.00268665,
47.6594,8.98,3.87752,3.78185,0.808961,0.799921,-0.00361306,
47.6699,8.99,3.88304,3.78764,0.80892,0.799914,-0.00453949,
47.6802,9,3.88856,3.79343,0.80887,0.799906,-0.00546596,
47.6898,9.01,3.89409,3.79922,0.808811,0.799897,-0.00639246,
47.7008,9.02,3.89961,3.805,0.808742,0.799889,-0.007319,
47.711,9.03,3.90513,3.81079,0.808664,0.79988,-0.00824558,
49.5505,9.04,3.91065,3.81657,0.808582,0.799887,-0.00817889,
49.5603,9.05,3.91618,3.82236,0.808501,0.799894,-0.0081122,
49.5709,9.06,3.9217,3.82814,0.80842,0.799901,-0.0080455,
49.5871,9.07,3.92723,3.83393,0.80834,0.799908,-0.00797882,
49.6012,9.08,3.93275,3.83971,0.80826,0.799915,-0.00791215,
49.6138,9.09,3.93828,3.8455,0.808182,0.799921,-0.00784549,
49.6259,9.1,3.9438,3.85128,0.808103,0.799927,-0.00777883,
49.6365,9.11,3.94933,3.85706,0.808026,0.799933,-0.00771219,
49.6472,9.12,3.95486,3.86285,0.807949,0.799939,-0.00764555,
49.6584,9.13,3.96039,3.86863,0.807873,0.799944,-0.00757892,
49.6708,9.14,3.96591,3.87441,0.807798,0.799949,-0.0075123,
49.681,9.15,3.97144,3.88019,0.807723,0.799954,-0.00744568,
49.6909,9.16,3.97697,3.88597,0.807649,0.799958,-0.00737908,
49.7019,9.17,3.9825,3.89175,0.807575,0.799963,-0.00731248,
49.7122,9.18,3.98803,3.89754,0.807503,0.799967,-0.00724589,
49.7221,9.19,3.99356,3.90332,0.80743,0.799971,-0.00717931,
49.7322,9.2,3.99909,3.9091,0.807359,0.799974,-0.00711273,
49.7413,9.21,4.00462,3.91487,0.807288,0.799978,-0.00704616,
49.7512,9.22,4.01016,3.92065,0.807218,0.799981,-0.0069796,
53.7769,9.23,4.01569,3.92643,0.807149,0.799984,-0.00691305,
53.7883,9.24,4.02122,3.93221,0.807082,0.799985,-0.0063918,
53.7972,9.25,4.02675,3.93799,0.807021,0.799986,-0.00587056,
53.8048,9.26,4.03229,3.94377,0.806965,0.799988,-0.00534931,
53.8146,9.27,4.03782,3.94954,0.806914,0.799989,-0.00482808,
53.8233,9.28,4.04335,3.95532,0.806868,0.79999,-0.00430684,
53.832,9.29,4.04889,3.9611,0.806828,0.799991,-0.00378561,
53.8408,9.3,4.05442,3.96687,0.806792,0.799992,-0.00326438,
53.8494,9.31,4.05996,3.97265,0.806762,0.799993,-0.00274315,
53.8582,9.32,4.06549,3.97843,0.806737,0.799993,-0.00222192,
53.8672,9.33,4.07103,3.9842,0.806718,0.799994,-0.0017007,
53.8772,9.34,4.07656,3.98998,0.806703,0.799995,-0.00117948,
53.886,9.35,4.0821,3.99575,0.806694,0.799996,-0.000658257,
53.896,9.36,4.08763,4.00153,0.80669,0.799996,-0.000137039,
53.9063,9.37,4.09317,4.00731,0.806692,0.799997,0.000384179,
53.9157,9.38,4.0987,4.01308,0.806698,0.799997,0.000905395,
53.9249,9.39,4.10424,4.01886,0.80671,0.799998,0.00142661,
53.9344,9.4,4.10977,4.02463,0.806727,0.799998,0.00194783,
53.9434,9.41,4.11531,4.03041,0.806749,0.799999,0.00246904,
53.9523,9.42,4.12084,4.03619,0.806776,0.799999,0.00299026,
54.7528,9.43,4.12638,4.04196,0.806808,0.799999,0.00351147,
54.763,9.44,4.13191,4.04774,0.806834,0.8,0.00164874,
54.7731,9.45,4.13744,4.05352,0.806841,0.8,-0.000213992,
54.7845,9.46,4.14298,4.05929,0.80683,0.8,-0.00207672,
54.7947,9.47,4.14851,4.06507,0.8068,0.8,-0.00393944,
54.8054,9.48,4.15405,4.07085,0.806751,0.8,-0.00580217,
54.8152,9.49,4.15958,4.07662,0.806684,0.8,-0.0076649,
54.8251,9.5,4.16512,4.0824,0.806598,0.8,-0.00952763,
54.835,9.51,4.17065,4.08817,0.806493,0.8,-0.0113904,
54.8456,9.52,4.17619,4.09395,0.80637,0.8,-0.0132531,
54.8563,9.53,4.18173,4.09972,0.806228,0.799999,-0.0151159,
54.881,9.54,4.18727,4.1055,0.806068,0.799999,-0.0169786,
54.8917,9.55,4.19281,4.11127,0.805889,0.799998,-0.0188414,
54.9021,9.56,4.19835,4.11704,0.805691,0.799998,-0.0207041,
54.9111,9.57,4.20389,4.12281,0.805475,0.799997,-0.0225669,
54.9188,9.58,4.20943,4.12858,0.80524,0.799996,-0.0244297,
54.9276,9.59,4.21497,4.13434,0.804986,0.799996,-0.0262925,
54.9376,9.6,4.22052,4.14011,0.804714,0.799995,-0.0281553,
54.9467,9.61,4.22607,4.14587,0.804423,0.799994,-0.0300181,
54.9565,9.62,4.23162,4.15164,0.804113,0.799993,-0.031881,
55.2104,9.63,4.23717,4.1574,0.803785,0.799993,-0.0337438,
55.2182,9.64,4.24272,4.16316,0.803462,0.799994,-0.0308423,
55.2264,9.65,4.24827,4.16891,0.803168,0.799995,-0.0279408,
55.2368,9.66,4.25383,4.17467,0.802903,0.799996,-0.0250393,
55.2473,9.67,4.25939,4.18042,0.802668,0.799997,-0.0221379,
55.2585,9.68,4.26495,4.18618,0.802461,0.799998,-0.0192364,
55.2679,9.69,4.27051,4.19193,0.802283,0.799998,-0.016335,
55.2769,9.7,4.27607,4.19768,0.802134,0.799999,-0.0134336,
55.2866,9.71,4.28163,4.20343,0.802014,0.8,-0.0105322,
55.2968,9.72,4.28719,4.20918,0.801923,0.8,-0.00763084,
55.3058,9.73,4.29276,4.21493,0.801862,0.800001,-0.00472947,
55.3162,9.74,4.29832,4.22068,0.801829,0.800001,-0.0018281,
55.3268,9.75,4.30388,4.22643,0.801825,0.800001,0.00107327,
55.3369,9.76,4.30944,4.23218,0.80185,0.800001,0.00397463,
55.3457,9.77,4.31501,4.23793,0.801904,0.800001,0.006876,
55.3558,9.78,4.32057,4.24368,0.801988,0.8,0.00977738,
55.3664,9.79,4.32613,4.24943,0.8021,0.8,0.0126788,
55.3776,9.8,4.33169,4.25518,0.802241,0.799999,0.0155802,
55.3896,9.81,4.33725,4.26093,0.802412,0.799998,0.0184816,
55.4016,9.82,4.34281,4.26668,0.802611,0.799998,0.021383,
55.4149,9.83,4.34837,4.27244,0.802839,0.799997,0.0242844,
56.0359,9.84,4.35393,4.27819,0.80307,0.799997,0.021942,
56.0445,9.85,4.35948,4.28395,0.803278,0.799998,0.0195995,
56.052,9.86,4.36504,4.28971,0.803462,0.799998,0.017257,
56.0625,9.87,4.37059,4.29546,0.803623,0.799999,0.0149145,
56.0726,9.88,4.37614,4.30122,0.803761,0.799999,0.0125721,
56.0833,9.89,4.38169,4.30698,0.803875,0.8,0.0102296,
56.0921,9.9,4.38725,4.31274,0.803965,0.8,0.00788717,
56.1017,9.91,4.3928,4.31851,0.804032,0.8,0.00554473,
56.1104,9.92,4.39835,4.32427,0.804076,0.8,0.00320229,
56.1204,9.93,4.4039,4.33003,0.804096,0.8,0.000859848,
56.13,9.94,4.40945,4.33579,0.804093,0.8,-0.00148259,
56.1395,9.95,4.415,4.34155,0.804067,0.8,-0.00382503,
56.1481,9.96,4.42055,4.34731,0.804017,0.8,-0.00616747,
56.1581,9.97,4.4261,4.35307,0.803943,0.8,-0.00850992,
56.168,9.98,4.43165,4.35883,0.803847,0.799999,-0.0108524,
56.1778,9.99,4.4372,4.36459,0.803726,0.799999,-0.0131948,
56.1876,10,4.44275,4.37035,0.803583,0.799999,-0.0155373,
56.1977,10.01,4.44831,4.37611,0.803416,0.799998,-0.0178797,
56.2072,10.02,4.45386,4.38187,0.803225,0.799998,-0.0202222,
56.2155,10.03,4.45942,4.38763,0.803011,0.799997,-0.0225647,
56.5728,10.04,4.46497,4.39338,0.802801,0.799998,-0.0195614,
56.5819,10.05,4.47053,4.39913,0.80262,0.799999,-0.0165587,
56.5922,10.06,4.47609,4.40489,0.802469,0.799999,-0.013556,
56.6044,10.07,4.48165,4.41064,0.802349,0.8,-0.0105533,
56.6182,10.08,4.48721,4.41639,0.802258,0.8,-0.00755069,
56.6289,10.09,4.49277,4.42214,0.802198,0.8,-0.00454805,
56.6378,10.1,4.49833,4.42789,0.802167,0.8,-0.00154541,
56.6477,10.11,4.5039,4.43364,0.802167,0.8,0.00145723,
56.6573,10.12,4.50946,4.4394,0.802197,0.8,0.00445988,
56.6669,10.13,4.51502,4.44515,0.802256,0.799999,0.00746253,
56.6758,10.14,4.52058,4.4509,0.802346,0.799999,0.0104652,
56.6861,10.15,4.52614,4.45665,0.802465,0.799998,0.0134679,
56.6966,10.16,4.5317,4.4624,0.802615,0.799997,0.0164706,
56.7071,10.17,4.53725,4.46816,0.802795,0.799996,0.0194733,
56.7169,10.18,4.54281,4.47391,0.803005,0.799995,0.022476,
56.7269,10.19,4.54837,4.47967,0.803244,0.799994,0.0254788,
56.7365,10.2,4.55392,4.48543,0.803514,0.799992,0.0284815,
56.7465,10.21,4.55947,4.49118,0.803814,0.799991,0.0314843,
56.7565,10.22,4.56502,4.49695,0.804144,0.799989,0.0344872,
56.7657,10.23,4.57057,4.50271,0.804504,0.799988,0.03749,
57.0292,10.24,4.57612,4.50847,0.804872,0.799988,0.0361261,
57.0373,10.25,4.58166,4.51424,0.805226,0.799988,0.0347622,
57.0454,10.26,4.58721,4.52001,0.805567,0.799988,0.0333983,
57.0541,10.27,4.59275,4.52578,0.805894,0.799989,0.0320344,
57.078,10.28,4.59829,4.53155,0.806208,0.799989,0.0306705,
57.1273,10.29,4.60382,4.53733,0.806508,0.799989,0.0293066,
57.138,10.3,4.60936,4.5431,0.806794,0.79999,0.0279426,
57.1477,10.31,4.61489,4.54888,0.807066,0.79999,0.0265787,
57.157,10.32,4.62042,4.55466,0.807325,0.799991,0.0252148,
57.171,10.33,4.62596,4.56044,0.807571,0.799992,0.0238509,
57.1873,10.34,4.63148,4.56622,0.807802,0.799992,0.022487,
57.2006,10.35,4.63701,4.572,0.808021,0.799993,0.0211231,
57.2114,10.36,4.64254,4.57779,0.808225,0.799993,0.0197592,
57.2334,10.37,4.64806,4.58357,0.808416,0.799994,0.0183953,
57.2435,10.38,4.65359,4.58936,0.808593,0.799995,0.0170314,
57.2531,10.39,4.65911,4.59514,0.808756,0.799995,0.0156675,
57.2633,10.4,4.66464,4.60093,0.808906,0.799996,0.0143036,
57.2926,10.41,4.67016,4.60672,0.809042,0.799996,0.0129397,
57.3026,10.42,4.67568,4.61251,0.809165,0.799997,0.0115758,
57.312,10.43,4.6812,4.6183,0.809274,0.799997,0.0102119,
57.6255,10.44,4.68672,4.62409,0.809371,0.799998,0.00915612,
57.6357,10.45,4.69224,4.62988,0.809457,0.799998,0.0081003,
57.6856,10.46,4.69776,4.63567,0.809533,0.799998,0.00704449,
57.7027,10.47,4.70328,4.64146,0.809598,0.799999,0.00598868,
57.7181,10.48,4.70879,4.64726,0.809653,0.799999,0.00493287,
57.7362,10.49,4.71431,4.65305,0.809697,0.799999,0.00387706,
57.7643,10.5,4.71983,4.65884,0.80973,0.799999,0.00282125,
57.7735,10.51,4.72535,4.66464,0.809753,0.799999,0.00176544,
57.7833,10.52,4.73086,4.67043,0.809765,0.799999,0.000709633,
57.7947,10.53,4.73638,4.67622,0.809767,0.8,-0.000346173,
57.8042,10.54,4.7419,4.68201,0.809758,0.8,-0.00140198,
57.813,10.55,4.74742,4.68781,0.809739,0.8,-0.00245778,
57.8201,10.56,4.75293,4.6936,0.809709,0.8,-0.00351359,
57.8276,10.57,4.75845,4.69939,0.809669,0.8,-0.00456939,
57.8364,10.58,4.76397,4.70518,0.809618,0.8,-0.0056252,
57.8469,10.59,4.76949,4.71098,0.809556,0.8,-0.006681,
57.8571,10.6,4.77501,4.71677,0.809484,0.8,-0.00773681,
57.8657,10.61,4.78053,4.72256,0.809402,0.8,-0.00879262,
57.8741,10.62,4.78605,4.72835,0.809308,0.8,-0.00984842,
57.8827,10.63,4.79157,4.73414,0.809205,0.8,-0.0109042,
58.1369,10.64,4.79709,4.73993,0.809056,0.800003,-0.0187635,
58.1458,10.65,4.80261,4.74572,0.808829,0.800003,-0.0266229,
58.1546,10.66,4.80813,4.75151,0.808524,0.800001,-0.0344826,
58.1651,10.67,4.81366,4.75729,0.80814,0.799998,-0.0423425,
58.1792,10.68,4.81919,4.76307,0.807677,0.799992,-0.050203,
58.1895,10.69,4.82472,4.76885,0.807136,0.799985,-0.0580639,
58.1982,10.7,4.83025,4.77463,0.806516,0.799976,-0.0659255,
58.2088,10.71,4.83579,4.7804,0.805817,0.799965,-0.0737878,
58.2186,10.72,4.84133,4.78617,0.80504,0.799953,-0.081651,
58.2276,10.73,4.84688,4.79194,0.804184,0.799939,-0.0895149,
58.2363,10.74,4.85243,4.79769,0.80325,0.799925,-0.0973798,
58.2457,10.75,4.85799,4.80345,0.802237,0.799909,-0.105246,
58.2549,10.76,4.86355,4.8092,0.801145,0.799892,-0.113112,
58.2657,10.77,4.86912,4.81494,0.799974,0.799875,-0.12098,
58.275,10.78,4.8747,4.82067,0.798725,0.799858,-0.128848,
58.2844,10.79,4.88028,4.8264,0.797397,0.79984,-0.136717,
58.2947,10.8,4.88587,4.83212,0.795991,0.799822,-0.144587,
58.3055,10.81,4.89147,4.83783,0.794506,0.799805,-0.152458,
58.3162,10.82,4.89708,4.84353,0.792942,0.799789,-0.160329,
58.6767,10.83,4.9027,4.84922,0.791299,0.799773,-0.1682,
58.6863,10.84,4.90832,4.85491,0.789697,0.799797,-0.152225,
58.6958,10.85,4.91396,4.86058,0.788255,0.79982,-0.136251,
58.7121,10.86,4.9196,4.86625,0.786972,0.799843,-0.120279,
58.7288,10.87,4.92525,4.87191,0.785849,0.799864,-0.10431,
58.7461,10.88,4.93091,4.87757,0.784886,0.799883,-0.0883418,
58.7592,10.89,4.93657,4.88322,0.784082,0.799901,-0.072376,
58.773,10.9,4.94223,4.88887,0.783438,0.799916,-0.0564118,
58.7865,10.91,4.9479,4.89451,0.782954,0.799929,-0.040449,
58.799,10.92,4.95357,4.90015,0.782629,0.799939,-0.0244874,
58.8076,10.93,4.95925,4.90579,0.782464,0.799946,-0.00852645,
58.8169,10.94,4.96492,4.91143,0.782459,0.79995,0.00743404,
58.827,10.95,4.97059,4.91707,0.782613,0.79995,0.0233945,
58.8366,10.96,4.97626,4.92271,0.782927,0.799948,0.0393552,
58.8472,10.97,4.98193,4.92836,0.7834,0.799944,0.0553165,
58.8581,10.98,4.9876,4.934,0.784033,0.799936,0.0712788,
58.8691,10.99,4.99326,4.93966,0.784825,0.799926,0.0872422,
58.8798,11,4.99892,4.94531,0.785778,0.799915,0.103207,
58.8904,11.01,5.00457,4.95097,0.78689,0.799901,0.119173,
58.9003,11.02,5.01021,4.95664,0.788161,0.799886,0.135141,
58.9099,11.03,5.01585,4.96232,0.789592,0.799871,0.151111,
59.1751,11.04,5.02148,4.968,0.791083,0.79987,0.146937,
59.1823,11.05,5.0271,4.97369,0.792531,0.799871,0.142763,
59.1913,11.06,5.03271,4.97939,0.793938,0.799873,0.138589,
59.2017,11.07,5.03831,4.9851,0.795303,0.799876,0.134414,
59.2132,11.08,5.04391,4.99082,0.796626,0.79988,0.130239,
59.225,11.09,5.0495,4.99654,0.797908,0.799885,0.126064,
59.2371,11.1,5.05508,5.00227,0.799148,0.799891,0.121889,
59.2489,11.11,5.06065,5.008,0.800346,0.799898,0.117714,
59.2611,11.12,5.06622,5.01375,0.801502,0.799905,0.113539,
59.2725,11.13,5.07178,5.0195,0.802616,0.799912,0.109364,
59.2842,11.14,5.07734,5.02525,0.803689,0.79992,0.105189,
59.2956,11.15,5.08289,5.03102,0.80472,0.799928,0.101014,
59.3063,11.16,5.08843,5.03678,0.805709,0.799936,0.0968396,
59.3178,11.17,5.09397,5.04256,0.806657,0.799944,0.0926653,
59.3294,11.18,5.0995,5.04833,0.807563,0.799952,0.0884912,
59.3397,11.19,5.10503,5.05412,0.808427,0.799959,0.0843174,
59.3494,11.2,5.11055,5.0599,0.809249,0.799966,0.0801439,
59.3611,11.21,5.11607,5.0657,0.81003,0.799973,0.0759707,
59.3728,11.22,5.12158,5.07149,0.810768,0.79998,0.0717977,
59.7354,11.23,5.12709,5.07729,0.811466,0.799986,0.067625,
59.7456,11.24,5.13259,5.0831,0.812113,0.799988,0.06191,
59.7554,11.25,5.1381,5.0889,0.812704,0.79999,0.056195,
59.7658,11.26,5.1436,5.09472,0.813237,0.799992,0.0504802,
59.7756,11.27,5.14909,5.10053,0.813713,0.799994,0.0447653,
59.7852,11.28,5.15458,5.10634,0.814132,0.799996,0.0390506,
59.7961,11.29,5.16007,5.11216,0.814494,0.799998,0.0333359,
59.8054,11.3,5.16556,5.11798,0.814799,0.799999,0.0276213,
59.8159,11.31,5.17105,5.1238,0.815047,0.8,0.0219068,
59.8266,11.32,5.17654,5.12963,0.815237,0.800001,0.0161923,
59.837,11.33,5.18202,5.13545,0.815371,0.800002,0.0104779,
59.8481,11.34,5.18751,5.14127,0.815447,0.800002,0.00476342,
59.859,11.35,5.19299,5.1471,0.815466,0.800002,-0.000951006,
59.8754,11.36,5.19848,5.15292,0.815428,0.800001,-0.00666544,
59.8899,11.37,5.20396,5.15875,0.815333,0.8,-0.0123799,
59.9011,11.38,5.20945,5.16457,0.81518,0.799999,-0.0180944,
59.912,11.39,5.21493,5.17039,0.814971,0.799997,-0.023809,
59.9213,11.4,5.22042,5.17621,0.814704,0.799995,-0.0295236,
59.9319,11.41,5.22591,5.18203,0.81438,0.799993,-0.0352383,
59.9422,11.42,5.2314,5.18785,0.813999,0.79999,-0.0409531,
59.953,11.43,5.2369,5.19366,0.813561,0.799987,-0.046668,
60.2157,11.44,5.24239,5.19948,0.813109,0.799975,-0.0438055,
60.2262,11.45,5.24789,5.20529,0.812685,0.799963,-0.0409426,
60.2365,11.46,5.25339,5.21109,0.81229,0.799952,-0.0380796,
60.2492,11.47,5.2589,5.2169,0.811923,0.799942,-0.0352163,
60.2602,11.48,5.2644,5.2227,0.811586,0.799933,-0.0323529,
60.2697,11.49,5.26991,5.22851,0.811276,0.799924,-0.0294892,
60.2787,11.5,5.27542,5.23431,0.810996,0.799916,-0.0266254,
60.289,11.51,5.28093,5.2401,0.810744,0.799909,-0.0237614,
60.2983,11.52,5.28644,5.2459,0.810521,0.799903,-0.0208973,
60.3074,11.53,5.29195,5.2517,0.810326,0.799897,-0.0180331,
60.3175,11.54,5.29747,5.25749,0.81016,0.799892,-0.0151687,
60.3265,11.55,5.30298,5.26329,0.810023,0.799887,-0.0123043,
60.3371,11.56,5.3085,5.26908,0.809914,0.799884,-0.00943984,
60.348,11.57,5.31401,5.27487,0.809834,0.799881,-0.00657529,
60.3592,11.58,5.31953,5.28066,0.809782,0.799878,-0.0037107,
60.3697,11.59,5.32504,5.28646,0.80976,0.799876,-0.000846069,
60.3789,11.6,5.33056,5.29225,0.809765,0.799875,0.00201858,
60.3879,11.61,5.33608,5.29804,0.8098,0.799874,0.00488323,
60.3966,11.62,5.34159,5.30383,0.809863,0.799874,0.00774788,
60.4075,11.63,5.34711,5.30963,0.809955,0.799875,0.0106125,
60.8205,11.64,5.35262,5.31542,0.810076,0.799595,0.0135488,
60.8389,11.65,5.35813,5.32121,0.810226,0.799332,0.0164872,
60.8501,11.66,5.36364,5.327,0.810405,0.799084,0.0194275,
60.861,11.67,5.36915,5.33279,0.810614,0.798852,0.0223694,
60.8721,11.68,5.37465,5.33858,0.810853,0.798635,0.0253123,
60.8823,11.69,5.38015,5.34437,0.811121,0.798435,0.0282561,
60.8904,11.7,5.38565,5.35016,0.811418,0.79825,0.0312003,
60.9019,11.71,5.39114,5.35595,0.811745,0.798081,0.0341447,
60.9127,11.72,5.39663,5.36174,0.812101,0.797928,0.0370888,
60.9234,11.73,5.40212,5.36753,0.812486,0.79779,0.0400323,
60.9332,11.74,5.40761,5.37332,0.812902,0.797669,0.0429748,
60.9423,11.75,5.41309,5.37911,0.813346,0.797563,0.0459161,
60.9516,11.76,5.41857,5.38491,0.81382,0.797474,0.0488556,
60.9622,11.77,5.42404,5.39071,0.814323,0.7974,0.0517932,
60.9729,11.78,5.42951,5.39651,0.814856,0.797343,0.0547283,
60.9836,11.79,5.43498,5.40231,0.815418,0.797301,0.0576608,
60.9943,11.8,5.44045,5.40812,0.816009,0.797276,0.0605901,
61.0045,11.81,5.44591,5.41393,0.816629,0.797267,0.0635159,
61.015,11.82,5.45136,5.41974,0.817279,0.797273,0.0664379,
61.0242,11.83,5.45682,5.42556,0.817958,0.797297,0.0693558,
61.2424,11.84,5.46227,5.43138,0.818648,0.797368,0.0685134,
61.2508,11.85,5.46771,5.4372,0.819328,0.797439,0.0676711,
61.2614,11.86,5.47315,5.44303,0.820001,0.797511,0.066829,
61.272,11.87,5.47859,5.44886,0.820665,0.797584,0.065987,
61.2814,11.88,5.48403,5.4547,0.821321,0.797657,0.0651452,
61.2917,11.89,5.48946,5.46054,0.821968,0.797731,0.0643035,
61.3006,11.9,5.49489,5.46639,0.822607,0.797805,0.0634619,
61.3109,11.91,5.50032,5.47224,0.823237,0.797879,0.0626205,
61.3216,11.92,5.50574,5.47809,0.823859,0.797954,0.0617792,
61.3319,11.93,5.51116,5.48395,0.824473,0.79803,0.0609381,
61.342,11.94,5.51658,5.48981,0.825078,0.798106,0.0600972,
61.3524,11.95,5.52199,5.49567,0.825675,0.798182,0.0592564,
61.3614,11.96,5.5274,5.50154,0.826263,0.798259,0.0584158,
61.3722,11.97,5.53281,5.50741,0.826843,0.798336,0.0575754,
61.3819,11.98,5.53821,5.51329,0.827415,0.798413,0.0567352,
61.392,11.99,5.54361,5.51917,0.827978,0.798491,0.0558952,
61.4028,12,5.54901,5.52505,0.828532,0.798569,0.0550553,
61.4117,12.01,5.55441,5.53094,0.829079,0.798647,0.0542157,
61.4234,12.02,5.5598,5.53683,0.829617,0.798726,0.0533762,
61.4354,12.03,5.5652,5.54272,0.830146,0.798805,0.052537,
62.9687,12.04,5.57059,5.54862,0.830716,0.799197,0.0613282,
62.9767,12.05,5.57597,5.55453,0.831373,0.799454,0.0701401,
63.0206,12.06,5.58136,5.56043,0.832119,0.799574,0.0789815,
63.0396,12.07,5.58674,5.56635,0.832953,0.799559,0.0878615,
63.0718,12.08,5.59212,5.57227,0.833876,0.799409,0.096789,
63.0853,12.09,5.59748,5.57819,0.834889,0.799123,0.105773,
63.0952,12.1,5.60284,5.58411,0.835992,0.798701,0.114823,
63.1068,12.11,5.60819,5.59004,0.837185,0.798145,0.123948,
63.1188,12.12,5.61353,5.59597,0.838471,0.797455,0.133157,
63.133,12.13,5.61886,5.6019,0.839849,0.796629,0.14246,
63.1465,12.14,5.62417,5.60783,0.84132,0.79567,0.151867,
63.1589,12.15,5.62946,5.61376,0.842887,0.794577,0.161388,
63.1707,12.16,5.63474,5.6197,0.844549,0.793351,0.171032,
63.1964,12.17,5.64,5.62563,0.846308,0.791992,0.18081,
63.2118,12.18,5.64524,5.63156,0.848165,0.7905,0.190733,
63.2239,12.19,5.65045,5.63749,0.850123,0.788876,0.200811,
63.2358,12.2,5.65565,5.64341,0.852182,0.78712,0.211056,
63.2476,12.21,5.66082,5.64933,0.854345,0.785233,0.221479,
63.2606,12.22,5.66596,5.65525,0.856612,0.783215,0.232093,
65.7094,12.23,5.67108,5.66947,0.674506,0.780338,0.182454,
65.7194,12.24,5.67732,5.67448,0.676519,0.788257,0.212148,
65.7303,12.25,5.68361,5.67954,0.678832,0.795655,0.241404,
65.7403,12.26,5.68995,5.68467,0.681443,0.802534,0.270351,
65.7507,12.27,5.69633,5.68985,0.684347,0.808895,0.299108,
65.7623,12.28,5.70273,5.6951,0.687544,0.814742,0.32779,
65.7743,12.29,5.70917,5.7004,0.691034,0.820075,0.356503,
65.8037,12.3,5.71562,5.70576,0.694817,0.824899,0.385352,
65.8125,12.31,5.72209,5.71117,0.698895,0.829216,0.414435,
65.8211,12.32,5.72857,5.71664,0.703272,0.83303,0.443852,
65.8295,12.33,5.73505,5.72216,0.707951,0.836343,0.473697,
65.8392,12.34,5.74153,5.72774,0.712937,0.839159,0.504066,
65.8489,12.35,5.748,5.73336,0.718236,0.841483,0.535053,
65.8579,12.36,5.75445,5.73903,0.723854,0.84332,0.566756,
65.868,12.37,5.76089,5.74475,0.7298,0.844673,0.59927,
65.8782,12.38,5.76729,5.75052,0.736082,0.845548,0.632694,
65.8883,12.39,5.77367,5.75633,0.74271,0.84595,0.667128,
65.897,12.4,5.78,5.76219,0.749695,0.845886,0.702676,
65.9057,12.41,5.7863,5.76809,0.757049,0.845362,0.739446,
65.9156,12.42,5.79254,5.77403,0.764784,0.844385,0.777547,
65.9242,12.43,5.79872,5.78002,0.772915,0.842962,0.817094,
65.9341,12.44,5.80485,5.78604,0.781458,0.841101,0.858208,
65.944,12.45,5.8109,5.7921,0.790428,0.838811,0.901012,
65.9527,12.46,5.81688,5.7982,0.799844,0.836101,0.945636,
65.9614,12.47,5.82278,5.80433,0.809725,0.832982,0.992216,
65.9701,12.48,5.8286,5.8105,0.820092,0.829464,1.04089,
65.9803,12.49,5.83432,5.81671,0.830966,0.825558,1.09181,
65.9888,12.5,5.83995,5.82294,0.842372,0.821278,1.14513,
65.9976,12.51,5.84548,5.82921,0.854335,0.816638,1.20101,
66.0065,12.52,5.85089,5.8355,0.866881,0.811651,1.2596,
66.0152,12.53,5.85619,5.84183,0.88004,0.806334,1.32109,
66.0238,12.54,5.86137,5.84818,0.893841,0.800704,1.38563,
66.0324,12.55,5.86642,5.85456,0.908317,0.79478,1.45341,
66.0412,12.56,5.87134,5.86096,0.92338,0.78866,1.44978,
66.0495,12.57,5.87613,5.86739,0.937317,0.783424,1.28141,
66.0591,12.58,5.8808,5.87384,0.949491,0.779371,1.10439,
66.0686,12.59,5.88539,5.88032,0.959822,0.776448,0.920298,
66.0782,12.6,5.8899,5.88682,0.968246,0.774608,0.730717,
66.0877,12.61,5.89435,5.89334,0.974715,0.773812,0.537245,
66.0959,12.62,5.89877,5.89988,0.979198,0.774033,0.34146,
66.1053,12.63,5.90316,5.90644,0.981678,0.775247,0.144908,
66.1146,12.64,5.90756,5.91303,0.982156,0.777445,-0.0508998,
66.1228,12.65,5.91197,5.91963,0.980647,0.780624,-0.244497,
66.1321,12.66,5.91643,5.92626,0.977181,0.78479,-0.434464,
66.1416,12.67,5.92094,5.9329,0.971801,0.78996,-0.619432,
66.151,12.68,5.92552,5.93957,0.964566,0.796158,-0.798086,
66.1604,12.69,5.9302,5.94625,0.955547,0.803417,-0.969179,
66.1687,12.7,5.93498,5.95295,0.944825,0.811775,-1.13153,
66.1769,12.71,5.9399,5.95967,0.932497,0.821279,-1.28406,
66.1852,12.72,5.94497,5.96641,0.918668,0.831979,-1.42578,
66.1945,12.73,5.95021,5.97316,0.904266,0.8425,-1.39632,
66.2057,12.74,5.95559,5.97991,0.890151,0.851301,-1.37305,
66.2151,12.75,5.96113,5.98665,0.876226,0.858379,-1.35892,
66.2232,12.76,5.9668,5.99336,0.8624,0.863734,-1.35347,
66.2313,12.77,5.97259,6.00002,0.848587,0.867365,-1.35641,
66.2394,12.78,5.97849,6.00663,0.834702,0.869277,-1.36762,
66.2474,12.79,5.98449,6.01316,0.82066,0.869474,-1.38715,
66.2567,12.8,5.99058,6.0196,0.806376,0.867964,-1.41519,
66.2648,12.81,5.99674,6.02594,0.791761,0.864756,-1.45211,
66.2729,12.82,6.00297,6.03215,0.776722,0.859864,-1.49844,
66.2833,12.83,6.00925,6.03823,0.761159,0.853301,-1.5549,
66.2916,12.84,6.01557,6.04415,0.744965,0.845087,-1.6224,
66.3012,12.85,6.02192,6.04991,0.728021,0.835244,-1.70211,
66.3104,12.86,6.02828,6.05548,0.710197,0.823796,-1.79546,
66.3185,12.87,6.03466,6.06086,0.691343,0.810777,-1.90422,
66.3268,12.88,6.04102,6.06602,0.671292,0.796224,-2.03053,
66.336,12.89,6.04737,6.07096,0.650239,0.780466,-2.05688,
66.3451,12.9,6.05369,6.07566,0.629454,0.764536,-2.01855,
66.3541,12.91,6.05997,6.08014,0.609064,0.748487,-1.97959,
66.3632,12.92,6.06621,6.0844,0.589073,0.732281,-1.94014,
66.3725,12.93,6.07239,6.08844,0.569487,0.715881,-1.90036,
66.3817,12.94,6.07851,6.09228,0.550307,0.69925,-1.86037,
66.3899,12.95,6.08455,6.0959,0.531537,0.682354,-1.82028,
66.3992,12.96,6.0905,6.09933,0.513175,0.665158,-1.78021,
66.4079,12.97,6.09636,6.10257,0.495221,0.647631,-1.74026,
66.416,12.98,6.10212,6.10561,0.477674,0.629741,-1.70052,
66.4251,12.99,6.10777,6.10847,0.46053,0.611457,-1.66106,
66.4342,13,6.11329,6.11116,0.443788,0.592751,-1.62196,
66.4423,13.01,6.11869,6.11367,0.427442,0.573595,-1.58327,
66.4517,13.02,6.12394,6.11601,0.411488,0.553962,-1.54503,
66.4609,13.03,6.12904,6.11819,0.395922,0.533827,-1.5073,
66.469,13.04,6.13398,6.12021,0.380738,0.513165,-1.47008,
66.4772,13.05,6.13876,6.12208,0.365932,0.491953,-1.4334,
66.4851,13.06,6.14335,6.1238,0.351496,0.470169,-1.39725,
66.4943,13.07,6.14776,6.12539,0.337427,0.447791,-1.36163,
66.5023,13.08,6.15197,6.12683,0.323718,0.4248,-1.32649,
66.5104,13.09,6.15597,6.12814,0.310365,0.401175,-1.29178,
66.5198,13.1,6.15976,6.12933,0.297365,0.376898,-1.25741,
66.529,13.11,6.16332,6.1304,0.284714,0.351952,-1.22323,
66.5373,13.12,6.16664,6.13135,0.272412,0.326319,-1.18902,
66.5465,13.13,6.16973,6.13219,0.26046,0.299984,-1.15446,
66.5557,13.14,6.17255,6.13293,0.248865,0.272932,-1.119,
66.5649,13.15,6.17512,6.13356,0.237639,0.245147,-1.08173,
66.5742,13.16,6.17741,6.13411,0.226809,0.216617,-1.04105,
66.5821,13.17,6.17942,6.13456,0.216424,0.187328,-0.993866,
66.5904,13.18,6.18114,6.13493,0.206578,0.157267,-0.933621,
66.5999,13.19,6.18256,6.13522,0.197475,0.126423,-0.844233,
66.6093,13.2,6.18367,6.13544,0.189609,0.0947842,-0.677026,
66.6177,13.21,6.18446,6.13559,0.184561,0.0623408,-0.221032,
66.6271,13.22,6.18448,6.13559,0.184475,0,0,
66.6366,13.23,6.18448,6.13559,0.184475,0,0,
66.6449,13.24,6.18448,6.13559,0.184475,0,0,
66.6544,13.25,6.18448,6.13559,0.184475,0,0,
66.6638,13.26,6.18448,6.13559,0.184475,0,0,
66.6721,13.27,6.18448,6.13559,0.184475,0,0,
66.6818,13.28,6.18448,6.13559,0.184475,0,0,
66.691,13.29,6.18448,6.13559,0.184475,0,0,
66.7008,13.3,6.18448,6.13559,0.184475,0,0,
66.7089,13.31,6.18448,6.13559,0.184475,0,0,
66.7175,13.32,6.18448,6.13559,0.184475,0,0,
66.727,13.33,6.18448,6.13559,0.184475,0,0,
66.7366,13.34,6.18448,6.13559,0.184475,0,0,
66.746,13.35,6.18448,6.13559,0.184475,0,0,
66.7542,13.36,6.18448,6.13559,0.184475,0,0,
66.7636,13.37,6.18448,6.13559,0.184475,0,0,
66.7718,13.38,6.18448,6.13559,0.184475,0,0,
66.7801,13.39,6.18448,6.13559,0.184475,0,0,
66.7884,13.4,6.18448,6.13559,0.184475,0,0,
66.7966,13.41,6.18448,6.13559,0.184475,0,0,
66.8048,13.42,6.18448,6.13559,0.184475,0,0,
66.8133,13.43,6.18448,6.13559,0.184475,0,0,
66.822,13.44,6.18448,6.13559,0.184475,0,0,
66.8318,13.45,6.18448,6.13559,0.184475,0,0,
66.8415,13.46,6.18448,6.13559,0.184475,0,0,
66.8499,13.47,6.18448,6.13559,0.184475,0,0,
66.8584,13.48,6.18448,6.13559,0.184475,0,0,
66.8669,13.49,6.18448,6.13559,0.184475,0,0,
66.8754,13.5,6.18448,6.13559,0.184475,0,0,
66.8838,13.51,6.18448,6.13559,0.184475,0,0,
66.8938,13.52,6.18448,6.13559,0.184475,0,0,
66.9033,13.53,6.18448,6.13559,0.184475,0,0,
66.9115,13.54,6.18448,6.13559,0.184475,0,0,
66.9214,13.55,6.18448,6.13559,0.184475,0,0,
66.9319,13.56,6.18448,6.13559,0.184475,0,0,
66.9407,13.57,6.18448,6.13559,0.184475,0,0,
66.9497,13.58,6.18448,6.13559,0.184475,0,0,
66.9585,13.59,6.18448,6.13559,0.184475,0,0,
66.9683,13.6,6.18448,6.13559,0.184475,0,0,
66.978,13.61,6.18448,6.13559,0.184475,0,0,
66.9877,13.62,6.18448,6.13559,0.184475,0,0,
66.9963,13.63,6.18448,6.13559,0.184475,0,0,
67.0047,13.64,6.18448,6.13559,0.184475,0,0,
67.0129,13.65,6.18448,6.13559,0.184475,0,0,
67.0213,13.66,6.18448,6.13559,0.184475,0,0,
67.0299,13.67,6.18448,6.13559,0.184475,0,0,
67.0384,13.68,6.18448,6.13559,0.184475,0,0,
67.0481,13.69,6.18448,6.13559,0.184475,0,0,
67.0579,13.7,6.18448,6.13559,0.184475,0,0,
67.0665,13.71,6.18448,6.13559,0.184475,0,0,
67.0769,13.72,6.18448,6.13559,0.184475,0,0,
67.0859,13.73,6.18448,6.13559,0.184475,0,0,
67.0947,13.74,6.18448,6.13559,0.184475,0,0,
67.1038,13.75,6.18448,6.13559,0.184475,0,0,
67.1136,13.76,6.18448,6.13559,0.184475,0,0,
67.126,13.77,6.18448,6.13559,0.184475,0,0,
67.1374,13.78,6.18448,6.13559,0.184475,0,0,
67.1481,13.79,6.18448,6.13559,0.184475,0,0,
67.157,13.8,6.18448,6.13559,0.184475,0,0,
67.1672,13.81,6.18448,6.13559,0.184475,0,0,
67.1773,13.82,6.18448,6.13559,0.184475,0,0,
67.1861,13.83,6.18448,6.13559,0.184475,0,0,
67.1961,13.84,6.18448,6.13559,0.184475,0,0,
67.2061,13.85,6.18448,6.13559,0.184475,0,0,
67.216,13.86,6.18448,6.13559,0.184475,0,0,
67.226,13.87,6.18448,6.13559,0.184475,0,0,
67.2352,13.88,6.18448,6.13559,0.184475,0,0,
67.2452,13.89,6.18448,6.13559,0.184475,0,0,
67.2555,13.9,6.18448,6.13559,0.184475,0,0,
67.2658,13.91,6.18448,6.13559,0.184475,0,0,
67.275,13.92,6.18448,6.13559,0.184475,0,0,
67.2849,13.93,6.18448,6.13559,0.184475,0,0,
67.2938,13.94,6.18448,6.13559,0.184475,0,0,
67.3035,13.95,6.18448,6.13559,0.184475,0,0,
67.313,13.96,6.18448,6.13559,0.184475,0,0,
67.3225,13.97,6.18448,6.13559,0.184475,0,0,
67.3314,13.98,6.18448,6.13559,0.184475,0,0,
67.3413,13.99,6.18448,6.13559,0.184475,0,0,
67.3508,14,6.18448,6.13559,0.184475,0,0,
67.3602,14.01,6.18448,6.13559,0.184475,0,0,
67.3696,14.02,6.18448,6.13559,0.184475,0,0,
67.3796,14.03,6.18448,6.13559,0.184475,0,0,
67.3891,14.04,6.18448,6.13559,0.184475,0,0,
67.399,14.05,6.18448,6.13559,0.184475,0,0,
67.4086,14.06,6.18448,6.13559,0.184475,0,0,
67.4168,14.07,6.18448,6.13559,0.184475,0,0,
67.4268,14.08,6.18448,6.13559,0.184475,0,0,
67.4353,14.09,6.18448,6.13559,0.184475,0,0,
67.4442,14.1,6.18448,6.13559,0.184475,0,0,
67.4526,14.11,6.18448,6.13559,0.184475,0,0,
67.4613,14.12,6.18448,6.13559,0.184475,0,0,
67.47,14.13,6.18448,6.13559,0.184475,0,0,
67.4793,14.14,6.18448,6.13559,0.184475,0,0,
67.4883,14.15,6.18448,6.13559,0.184475,0,0,
67.4973,14.16,6.18448,6.13559,0.184475,0,0,
67.5061,14.17,6.18448,6.13559,0.184475,0,0,
67.5146,14.18,6.18448,6.13559,0.184475,0,0,
67.5235,14.19,6.18448,6.13559,0.184475,0,0,
67.532,14.2,6.18448,6.13559,0.184475,0,0,
67.5413,14.21,6.18448,6.13559,0.184475,0,0,
67.5498,14.22,6.18448,6.13559,0.184475,0,0,
67.5601,14.23,6.18448,6.13559,0.184475,0,0,
67.569,14.24,6.18448,6.13559,0.184475,0,0,
67.5776,14.25,6.18448,6.13559,0.184475,0,0,
67.5868,14.26,6.18448,6.13559,0.184475,0,0,
67.5952,14.27,6.18448,6.13559,0.184475,0,0,
67.605,14.28,6.18448,6.13559,0.184475,0,0,
67.6134,14.29,6.18448,6.13559,0.184475,0,0,
67.6219,14.3,6.18448,6.13559,0.184475,0,0,
67.63,14.31,6.18448,6.13559,0.184475,0,0,
67.6393,14.32,6.18448,6.13559,0.184475,0,0,
67.6476,14.33,6.18448,6.13559,0.184475,0,0,
67.6569,14.34,6.18448,6.13559,0.184475,0,0,
67.6667,14.35,6.18448,6.13559,0.184475,0,0,
67.6774,14.36,6.18448,6.13559,0.184475,0,0,
67.6885,14.37,6.18448,6.13559,0.184475,0,0,
67.6987,14.38,6.18448,6.13559,0.184475,0,0,
67.7086,14.39,6.18448,6.13559,0.184475,0,0,
67.7184,14.4,6.18448,6.13559,0.184475,0,0,
67.7289,14.41,6.18448,6.13559,0.184475,0,0,
67.7395,14.42,6.18448,6.13559,0.184475,0,0,
67.7503,14.43,6.18448,6.13559,0.184475,0,0,
67.7594,14.44,6.18448,6.13559,0.184475,0,0,
67.7685,14.45,6.18448,6.13559,0.184475,0,0,
67.7776,14.46,6.18448,6.13559,0.184475,0,0,
67.7865,14.47,6.18448,6.13559,0.184475,0,0,
67.7946,14.48,6.18448,6.13559,0.184475,0,0,
67.8032,14.49,6.18448,6.13559,0.184475,0,0,
67.8118,14.5,6.18448,6.13559,0.184475,0,0,
67.8209,14.51,6.18448,6.13559,0.184475,0,0,
67.8297,14.52,6.18448,6.13559,0.184475,0,0,
67.839,14.53,6.18448,6.13559,0.184475,0,0,
67.8484,14.54,6.18448,6.13559,0.184475,0,0,
67.8567,14.55,6.18448,6.13559,0.184475,0,0,
67.8646,14.56,6.18448,6.13559,0.184475,0,0,
67.8734,14.57,6.18448,6.13559,0.184475,0,0,
67.8818,14.58,6.18448,6.13559,0.184475,0,0,
67.8922,14.59,6.18448,6.13559,0.184475,0,0,
67.9012,14.6,6.18448,6.13559,0.184475,0,0,
67.9089,14.61,6.18448,6.13559,0.184475,0,0,
67.9186,14.62,6.18448,6.13559,0.184475,0,0,
67.9294,14.63,6.18448,6.13559,0.184475,0,0,
67.9375,14.64,6.18448,6.13559,0.184475,0,0,
67.9474,14.65,6.18448,6.13559,0.184475,0,0,
67.9564,14.66,6.18448,6.13559,0.184475,0,0,
67.9657,14.67,6.18448,6.13559,0.184475,0,0,
67.9752,14.68,6.18448,6.13559,0.184475,0,0,
67.9844,14.69,6.18448,6.13559,0.184475,0,0,
67.9928,14.7,6.18448,6.13559,0.184475,0,0,
68.0022,14.71,6.18448,6.13559,0.184475,0,0,
68.0131,14.72,6.18448,6.13559,0.184475,0,0,
68.0228,14.73,6.18448,6.13559,0.184475,0,0,
68.0307,14.74,6.18448,6.13559,0.184475,0,0,
68.0428,14.75,6.18448,6.13559,0.184475,0,0,
68.0506,14.76,6.18448,6.13559,0.184475,0,0,
68.0604,14.77,6.18448,6.13559,0.184475,0,0,
68.0697,14.78,6.18448,6.13559,0.184475,0,0,
68.079,14.79,6.18448,6.13559,0.184475,0,0,
68.088,14.8,6.18448,6.13559,0.184475,0,0,
68.0965,14.81,6.18448,6.13559,0.184475,0,0,
68.1056,14.82,6.18448,6.13559,0.184475,0,0,
68.1155,14.83,6.18448,6.13559,0.184475,0,0,
68.1299,14.84,6.18448,6.13559,0.184475,0,0,
68.1426,14.85,6.18448,6.13559,0.184475,0,0,
68.1525,14.86,6.18448,6.13559,0.184475,0,0,
68.1603,14.87,6.18448,6.13559,0.184475,0,0,
68.1682,14.88,6.18448,6.13559,0.184475,0,0,
68.1771,14.89,6.18448,6.13559,0.184475,0,0,
68.1854,14.9,6.18448,6.13559,0.184475,0,0,
68.1947,14.91,6.18448,6.13559,0.184475,0,0,
68.2034,14.92,6.18448,6.13559,0.184475,0,0,
68.2112,14.93,6.18448,6.13559,0.184475,0,0,
68.219,14.94,6.18448,6.13559,0.184475,0,0,
68.2274,14.95,6.18448,6.13559,0.184475,0,0,
68.2359,14.96,6.18448,6.13559,0.184475,0,0,
68.2436,14.97,6.18448,6.13559,0.184475,0,0,
68.2514,14.98,6.18448,6.13559,0.184475,0,0,
68.2596,14.99,6.18448,6.13559,0.184475,0,0,
68.2678,15,6.18448,6.13559,0.184475,0,0,
68.2762,15.01,6.18448,6.13559,0.184475,0,0,
68.2838,15.02,6.18448,6.13559,0.184475,0,0,
68.2922,15.03,6.18448,6.13559,0.184475,0,0,
68.301,15.04,6.18448,6.13559,0.184475,0,0,
68.3094,15.05,6.18448,6.13559,0.184475,0,0,
68.3173,15.06,6.18448,6.13559,0.184475,0,0,
68.3252,15.07,6.18448,6.13559,0.184475,0,0,
68.3329,15.08,6.18448,6.13559,0.184475,0,0,
68.3405,15.09,6.18448,6.13559,0.184475,0,0,
68.3496,15.1,6.18448,6.13559,0.184475,0,0,
68.3577,15.11,6.18448,6.13559,0.184475,0,0,
68.3661,15.12,6.18448,6.13559,0.184475,0,0,
68.3745,15.13,6.18448,6.13559,0.184475,0,0,
68.3821,15.14,6.18448,6.13559,0.184475,0,0,
68.3898,15.15,6.18448,6.13559,0.184475,0,0,
68.3976,15.16,6.18448,6.13559,0.184475,0,0,
68.4056,15.17,6.18448,6.13559,0.184475,0,0,
68.4139,15.18,6.18448,6.13559,0.184475,0,0,
68.4224,15.19,6.18448,6.13559,0.184475,0,0,
68.4303,15.2,6.18448,6.13559,0.184475,0,0,
68.438,15.21,6.18448,6.13559,0.184475,0,0,
68.4464,15.22,6.18448,6.13559,0.184475,0,0,
68.4542,15.23,6.18448,6.13559,0.184475,0,0,
68.4625,15.24,6.18448,6.13559,0.184475,0,0,
68.4705,15.25,6.18448,6.13559,0.184475,0,0,
68.4791,15.26,6.18448,6.13559,0.184475,0,0,
68.488,15.27,6.18448,6.13559,0.184475,0,0,
68.4964,15.28,6.18448,6.13559,0.184475,0,0,
68.5042,15.29,6.18448,6.13559,0.184475,0,0,
68.5121,15.3,6.18448,6.13559,0.184475,0,0,
68.5203,15.31,6.18448,6.13559,0.184475,0,0,
68.5286,15.32,6.18448,6.13559,0.184475,0,0,
68.5364,15.33,6.18448,6.13559,0.184475,0,0,
68.5444,15.34,6.18448,6.13559,0.184475,0,0,
68.5528,15.35,6.18448,6.13559,0.184475,0,0,
68.5619,15.36,6.18448,6.13559,0.184475,0,0,
68.5729,15.37,6.18448,6.13559,0.184475,0,0,
68.5862,15.38,6.18448,6.13559,0.184475,0,0,
68.5969,15.39,6.18448,6.13559,0.184475,0,0,
68.6062,15.4,6.18448,6.13559,0.184475,0,0,
68.6169,15.41,6.18448,6.13559,0.184475,0,0,
68.6268,15.42,6.18448,6.13559,0.184475,0,0,
68.6367,15.43,6.18448,6.13559,0.184475,0,0,
68.6454,15.44,6.18448,6.13559,0.184475,0,0,
68.6541,15.45,6.18448,6.13559,0.184475,0,0,
68.6618,15.46,6.18448,6.13559,0.184475,0,0,
68.6696,15.47,6.18448,6.13559,0.184475,0,0,
68.6785,15.48,6.18448,6.13559,0.184475,0,0,
68.6889,15.49,6.18448,6.13559,0.184475,0,0,
68.6982,15.5,6.18448,6.13559,0.184475,0,0,
68.7077,15.51,6.18448,6.13559,0.184475,0,0,
68.7154,15.52,6.18448,6.13559,0.184475,0,0,
68.7231,15.53,6.18448,6.13559,0.184475,0,0,
68.7316,15.54,6.18448,6.13559,0.184475,0,0,
68.7392,15.55,6.18448,6.13559,0.184475,0,0,
68.7487,15.56,6.18448,6.13559,0.184475,0,0,
68.7595,15.57,6.18448,6.13559,0.184475,0,0,
68.7706,15.58,6.18448,6.13559,0.184475,0,0,
68.7803,15.59,6.18448,6.13559,0.184475,0,0,
68.7913,15.6,6.18448,6.13559,0.184475,0,0,
68.8022,15.61,6.18448,6.13559,0.184475,0,0,
68.8117,15.62,6.18448,6.13559,0.184475,0,0,
68.8225,15.63,6.18448,6.13559,0.184475,0,0,
68.8332,15.64,6.18448,6.13559,0.184475,0,0,
68.8426,15.65,6.18448,6.13559,0.184475,0,0,
68.8502,15.66,6.18448,6.13559,0.184475,0,0,
68.859,15.67,6.18448,6.13559,0.184475,0,0,
68.8667,15.68,6.18448,6.13559,0.184475,0,0,
68.8746,15.69,6.18448,6.13559,0.184475,0,0,
68.8823,15.7,6.18448,6.13559,0.184475,0,0,
68.8918,15.71,6.18448,6.13559,0.184475,0,0,
68.8995,15.72,6.18448,6.13559,0.184475,0,0,
68.9082,15.73,6.18448,6.13559,0.184475,0,0,
68.916,15.74,6.18448,6.13559,0.184475,0,0,
68.9251,15.75,6.18448,6.13559,0.184475,0,0,
68.9339,15.76,6.18448,6.13559,0.184475,0,0,
68.9416,15.77,6.18448,6.13559,0.184475,0,0,
68.9494,15.78,6.18448,6.13559,0.184475,0,0,
68.9572,15.79,6.18448,6.13559,0.184475,0,0,
68.9659,15.8,6.18448,6.13559,0.184475,0,0,
68.9747,15.81,6.18448,6.13559,0.184475,0,0,
68.9824,15.82,6.18448,6.13559,0.184475,0,0,
68.9906,15.83,6.18448,6.13559,0.184475,0,0,
68.9991,15.84,6.18448,6.13559,0.184475,0,0,
69.008,15.85,6.18448,6.13559,0.184475,0,0,
69.0158,15.86,6.18448,6.13559,0.184475,0,0,
69.0242,15.87,6.18448,6.13559,0.184475,0,0,
69.0324,15.88,6.18448,6.13559,0.184475,0,0,
69.0402,15.89,6.18448,6.13559,0.184475,0,0,
69.0487,15.9,6.18448,6.13559,0.184475,0,0,
69.0569,15.91,6.18448,6.13559,0.184475,0,0,
69.0647,15.92,6.18448,6.13559,0.184475,0,0,
69.0724,15.93,6.18448,6.13559,0.184475,0,0,
69.0834,15.94,6.18448,6.13559,0.184475,0,0,
69.094,15.95,6.18448,6.13559,0.184475,0,0,
69.1051,15.96,6.18448,6.13559,0.184475,0,0,
69.1135,15.97,6.18448,6.13559,0.184475,0,0,
69.1226,15.98,6.18448,6.13559,0.184475,0,0,
69.1319,15.99,6.18448,6.13559,0.184475,0,0,
69.1424,16,6.18448,6.13559,0.184475,0,0,
69.1511,16.01,6.18448,6.13559,0.184475,0,0,
69.1604,16.02,6.18448,6.13559,0.184475,0,0,
69.1695,16.03,6.18448,6.13559,0.184475,0,0,
69.1785,16.04,6.18448,6.13559,0.184475,0,0,
69.1875,16.05,6.18448,6.13559,0.184475,0,0,
69.1968,16.06,6.18448,6.13559,0.184475,0,0,
69.2075,16.07,6.18448,6.13559,0.184475,0,0,
69.2162,16.08,6.18448,6.13559,0.184475,0,0,
69.2251,16.09,6.18448,6.13559,0.184475,0,0,
69.2342,16.1,6.18448,6.13559,0.184475,0,0,
69.2422,16.11,6.18448,6.13559,0.184475,0,0,
69.2511,16.12,6.18448,6.13559,0.184475,0,0,
69.2599,16.13,6.18448,6.13559,0.184475,0,0,
69.2674,16.14,6.18448,6.13559,0.184475,0,0,
69.2751,16.15,6.18448,6.13559,0.184475,0,0,
69.2827,16.16,6.18448,6.13559,0.184475,0,0,
69.2904,16.17,6.18448,6.13559,0.184475,0,0,
69.298,16.18,6.18448,6.13559,0.184475,0,0,
69.3055,16.19,6.18448,6.13559,0.184475,0,0,
69.3133,16.2,6.18448,6.13559,0.184475,0,0,
69.3208,16.21,6.18448,6.13559,0.184475,0,0,
69.3298,16.22,6.18448,6.13559,0.184475,0,0,
69.3375,16.23,6.18448,6.13559,0.184475,0,0,
69.3463,16.24,6.18448,6.13559,0.184475,0,0,
69.3552,16.25,6.18448,6.13559,0.184475,0,0,
69.3641,16.26,6.18448,6.13559,0.184475,0,0,
69.3731,16.27,6.18448,6.13559,0.184475,0,0,
69.3807,16.28,6.18448,6.13559,0.184475,0,0,
69.3884,16.29,6.18448,6.13559,0.184475,0,0,
69.3972,16.3,6.18448,6.13559,0.184475,0,0,
69.4059,16.31,6.18448,6.13559,0.184475,0,0,
69.4146,16.32,6.18448,6.13559,0.184475,0,0,
69.4235,16.33,6.18448,6.13559,0.184475,0,0,
69.4313,16.34,6.18448,6.13559,0.184475,0,0,
69.4405,16.35,6.18448,6.13559,0.184475,0,0,
69.4501,16.36,6.18448,6.13559,0.184475,0,0,
69.4583,16.37,6.18448,6.13559,0.184475,0,0,
69.4673,16.38,6.18448,6.13559,0.184475,0,0,
69.4751,16.39,6.18448,6.13559,0.184475,0,0,
69.4838,16.4,6.18448,6.13559,0.184475,0,0,
69.4925,16.41,6.18448,6.13559,0.184475,0,0,
69.5013,16.42,6.18448,6.13559,0.184475,0,0,
69.5099,16.43,6.18448,6.13559,0.184475,0,0,
69.5178,16.44,6.18448,6.13559,0.184475,0,0,
69.5285,16.45,6.18448,6.13559,0.184475,0,0,
69.5392,16.46,6.18448,6.13559,0.184475,0,0,
69.5486,16.47,6.18448,6.13559,0.184475,0,0,
69.5584,16.48,6.18448,6.13559,0.184475,0,0,
69.5668,16.49,6.18448,6.13559,0.184475,0,0,
69.5751,16.5,6.18448,6.13559,0.184475,0,0,
69.5833,16.51,6.18448,6.13559,0.184475,0,0,
69.5912,16.52,6.18448,6.13559,0.184475,0,0,
69.5993,16.53,6.18448,6.13559,0.184475,0,0,
69.6085,16.54,6.18448,6.13559,0.184475,0,0,
69.6161,16.55,6.18448,6.13559,0.184475,0,0,
69.625,16.56,6.18448,6.13559,0.184475,0,0,
69.6333,16.57,6.18448,6.13559,0.184475,0,0,
69.6415,16.58,6.18448,6.13559,0.184475,0,0,
69.6504,16.59,6.18448,6.13559,0.184475,0,0,
69.6586,16.6,6.18448,6.13559,0.184475,0,0,
69.6662,16.61,6.18448,6.13559,0.184475,0,0,
69.674,16.62,6.18448,6.13559,0.184475,0,0,
69.6823,16.63,6.18448,6.13559,0.184475,0,0,
69.6905,16.64,6.18448,6.13559,0.184475,0,0,
69.6983,16.65,6.18448,6.13559,0.184475,0,0,
69.7065,16.66,6.18448,6.13559,0.184475,0,0,
69.7142,16.67,6.18448,6.13559,0.184475,0,0,
69.7225,16.68,6.18448,6.13559,0.184475,0,0,
69.7308,16.69,6.18448,6.13559,0.184475,0,0,
69.7383,16.7,6.18448,6.13559,0.184475,0,0,
69.7467,16.71,6.18448,6.13559,0.184475,0,0,
69.7544,16.72,6.18448,6.13559,0.184475,0,0,
69.7639,16.73,6.18448,6.13559,0.184475,0,0,
69.7746,16.74,6.18448,6.13559,0.184475,0,0,
69.7849,16.75,6.18448,6.13559,0.184475,0,0,
69.7941,16.76,6.18448,6.13559,0.184475,0,0,
69.8032,16.77,6.18448,6.13559,0.184475,0,0,
69.812,16.78,6.18448,6.13559,0.184475,0,0,
69.8221,16.79,6.18448,6.13559,0.184475,0,0,
69.8304,16.8,6.18448,6.13559,0.184475,0,0,
69.8382,16.81,6.18448,6.13559,0.184475,0,0,
69.8464,16.82,6.18448,6.13559,0.184475,0,0,
69.8547,16.83,6.18448,6.13559,0.184475,0,0,
69.8625,16.84,6.18448,6.13559,0.184475,0,0,
69.8709,16.85,6.18448,6.13559,0.184475,0,0,
69.8792,16.86,6.18448,6.13559,0.184475,0,0,
69.8876,16.87,6.18448,6.13559,0.184475,0,0,
69.8972,16.88,6.18448,6.13559,0.184475,0,0,
69.9057,16.89,6.18448,6.13559,0.184475,0,0,
69.9141,16.9,6.18448,6.13559,0.184475,0,0,
69.9226,16.91,6.18448,6.13559,0.184475,0,0,
69.9308,16.92,6.18448,6.13559,0.184475,0,0,
69.9384,16.93,6.18448,6.13559,0.184475,0,0,
69.946,16.94,6.18448,6.13559,0.184475,0,0,
69.9546,16.95,6.18448,6.13559,0.184475,0,0,
69.9624,16.96,6.18448,6.13559,0.184475,0,0,
69.9718,16.97,6.18448,6.13559,0.184475,0,0,
69.9807,16.98,6.18448,6.13559,0.184475,0,0,
69.9883,16.99,6.18448,6.13559,0.184475,0,0,
69.9966,17,6.18448,6.13559,0.184475,0,0,
70.0042,17.01,6.18448,6.13559,0.184475,0,0,
70.012,17.02,6.18448,6.13559,0.184475,0,0,
70.0198,17.03,6.18448,6.13559,0.184475,0,0,
70.0282,17.04,6.18448,6.13559,0.184475,0,0,
70.0359,17.05,6.18448,6.13559,0.184475,0,0,
70.0442,17.06,6.18448,6.13559,0.184475,0,0,
70.0529,17.07,6.18448,6.13559,0.184475,0,0,
70.0609,17.08,6.18448,6.13559,0.184475,0,0,
70.0691,17.09,6.18448,6.13559,0.184475,0,0,
70.0769,17.1,6.18448,6.13559,0.184475,0,0,
70.0858,17.11,6.18448,6.13559,0.184475,0,0,
70.0941,17.12,6.18448,6.13559,0.184475,0,0,
70.1033,17.13,6.18448,6.13559,0.184475,0,0,
70.1139,17.14,6.18448,6.13559,0.184475,0,0,
70.1215,17.15,6.18448,6.13559,0.184475,0,0,
70.1294,17.16,6.18448,6.13559,0.184475,0,0,
70.1404,17.17,6.18448,6.13559,0.184475,0,0,
70.1508,17.18,6.18448,6.13559,0.184475,0,0,
70.1601,17.19,6.18448,6.13559,0.184475,0,0,
70.1695,17.2,6.18448,6.13559,0.184475,0,0,
70.1803,17.21,6.18448,6.13559,0.184475,0,0,
70.1879,17.22,6.18448,6.13559,0.184475,0,0,
70.1967,17.23,6.18448,6.13559,0.184475,0,0,
70.2055,17.24,6.18448,6.13559,0.184475,0,0,
70.214,17.25,6.18448,6.13559,0.184475,0,0,
70.2244,17.26,6.18448,6.13559,0.184475,0,0,
70.2333,17.27,6.18448,6.13559,0.184475,0,0,
70.2439,17.28,6.18448,6.13559,0.184475,0,0,
70.2529,17.29,6.18448,6.13559,0.184475,0,0,
70.2617,17.3,6.18448,6.13559,0.184475,0,0,
70.2701,17.31,6.18448,6.13559,0.184475,0,0,
70.2786,17.32,6.18448,6.13559,0.184475,0,0,
70.2865,17.33,6.18448,6.13559,0.184475,0,0,
70.2943,17.34,6.18448,6.13559,0.184475,0,0,
70.3031,17.35,6.18448,6.13559,0.184475,0,0,
70.3121,17.36,6.18448,6.13559,0.184475,0,0,
70.3205,17.37,6.18448,6.13559,0.184475,0,0,
70.3283,17.38,6.18448,6.13559,0.184475,0,0,
70.3372,17.39,6.18448,6.13559,0.184475,0,0,
70.346,17.4,6.18448,6.13559,0.184475,0,0,
70.355,17.41,6.18448,6.13559,0.184475,0,0,
70.364,17.42,6.18448,6.13559,0.184475,0,0,
70.3725,17.43,6.18448,6.13559,0.184475,0,0,
70.3802,17.44,6.18448,6.13559,0.184475,0,0,
70.3903,17.45,6.18448,6.13559,0.184475,0,0,
70.3986,17.46,6.18448,6.13559,0.184475,0,0,
70.407,17.47,6.18448,6.13559,0.184475,0,0,
70.4148,17.48,6.18448,6.13559,0.184475,0,0,
70.4232,17.49,6.18448,6.13559,0.184475,0,0,
70.4312,17.5,6.18448,6.13559,0.184475,0,0,
70.4395,17.51,6.18448,6.13559,0.184475,0,0,
70.4479,17.52,6.18448,6.13559,0.184475,0,0,
70.4556,17.53,6.18448,6.13559,0.184475,0,0,
70.4641,17.54,6.18448,6.13559,0.184475,0,0,
70.4718,17.55,6.18448,6.13559,0.184475,0,0,
70.4804,17.56,6.18448,6.13559,0.184475,0,0,
70.4882,17.57,6.18448,6.13559,0.184475,0,0,
70.4966,17.58,6.18448,6.13559,0.184475,0,0,
70.5057,17.59,6.18448,6.13559,0.184475,0,0,
70.5135,17.6,6.18448,6.13559,0.184475,0,0,
70.5218,17.61,6.18448,6.13559,0.184475,0,0,
70.5301,17.62,6.18448,6.13559,0.184475,0,0,
70.54,17.63,6.18448,6.13559,0.184475,0,0,
70.5483,17.64,6.18448,6.13559,0.184475,0,0,
70.556,17.65,6.18448,6.13559,0.184475,0,0,
70.5651,17.66,6.18448,6.13559,0.184475,0,0,
70.5733,17.67,6.18448,6.13559,0.184475,0,0,
70.5816,17.68,6.18448,6.13559,0.184475,0,0,
70.5898,17.69,6.18448,6.13559,0.184475,0,0,
70.598,17.7,6.18448,6.13559,0.184475,0,0,
70.6065,17.71,6.18448,6.13559,0.184475,0,0,
70.6149,17.72,6.18448,6.13559,0.184475,0,0,
70.6244,17.73,6.18448,6.13559,0.184475,0,0,
70.6351,17.74,6.18448,6.13559,0.184475,0,0,
70.644,17.75,6.18448,6.13559,0.184475,0,0,
70.6546,17.76,6.18448,6.13559,0.184475,0,0,
70.6655,17.77,6.18448,6.13559,0.184475,0,0,
70.6746,17.78,6.18448,6.13559,0.184475,0,0,
70.6838,17.79,6.18448,6.13559,0.184475,0,0,
70.693,17.8,6.18448,6.13559,0.184475,0,0,
70.7019,17.81,6.18448,6.13559,0.184475,0,0,
70.711,17.82,6.18448,6.13559,0.184475,0,0,
70.72,17.83,6.18448,6.13559,0.184475,0,0,
70.7309,17.84,6.18448,6.13559,0.184475,0,0,
70.7398,17.85,6.18448,6.13559,0.184475,0,0,
70.7505,17.86,6.18448,6.13559,0.184475,0,0,
70.7598,17.87,6.18448,6.13559,0.184475,0,0,
70.7689,17.88,6.18448,6.13559,0.184475,0,0,
70.7779,17.89,6.18448,6.13559,0.