Tc,Tp,Ns,Nkn,Acc,MaxIt,NSE,FIR,LAS,MAX,MIN,AVG,RAT,TOT
0.10000000000000001,1.0,20,6,0.0001,50,198.0,5.39367699623,3.80328297615,5.28309011459,0.10436296463,0.902899487894,52.8309011459,20.7181909693
0.20000000000000001,1.0,20,6,0.0001,50,72.0,3.66898798943,3.7660241127,5.0047249794,0.0761280059814,0.99922083446,25.023624897,15.0981595761
0.30000000000000004,1.0,20,6,0.0001,50,40.0,3.64382004738,3.71816515923,4.33081007004,0.143179893494,0.909908275855,14.4360335668,12.5301771162
0.40000000000000002,1.0,20,6,0.0001,50,29.0,3.66155004501,3.74474811554,3.08963894844,0.469536066055,1.03987632857,7.7240973711,12.6590950217
0.5,1.0,20,6,0.0001,50,23.0,3.74929690361,3.83589792252,4.99426794052,0.0777471065521,0.931145361492,9.98853588104,11.6746057379
0.59999999999999998,1.0,20,6,0.0001,50,21.0,3.70208501816,3.78636288643,3.45017004013,0.145408153534,0.846845915443,5.75028340022,12.5750752737
0.70000000000000007,1.0,20,6,0.0001,50,18.0,3.58138990402,3.66890907288,4.67308402061,0.141053915024,0.895944073796,6.67583431516,12.2953578041
0.80000000000000004,1.0,20,6,0.0001,50,16.0,3.67217493057,3.76479196548,3.6185901165,0.144825935364,0.973610043526,4.52323764563,12.4041941132
0.11000000000000001,1.1000000000000001,20,6,0.0001,50,176.0,3.66991305351,3.75249004364,5.19911694527,0.0760638713837,0.848391246522,47.2646995024,20.362243919
0.20777777777777778,1.1000000000000001,20,6,0.0001,50,61.0,3.7327299118,3.82449197769,5.21279597282,0.077418088913,1.309046814,25.0883228638,13.5714577832
0.30555555555555558,1.1000000000000001,20,6,0.0001,50,53.0,3.59352588654,3.68007898331,4.58368301392,0.14156794548,0.944671312968,15.0011444092,16.8456328263
0.40333333333333332,1.1000000000000001,20,6,0.0001,50,30.0,3.72476577759,3.80691218376,3.50267577171,0.0771090984344,0.829276451043,8.68432009516,12.7220385595
0.50111111111111117,1.1000000000000001,20,6,0.0001,50,24.0,3.86884999275,3.72806286812,5.23295211792,0.0756890773773,1.27306441827,10.4426982398,12.3769965821
0.59888888888888892,1.1000000000000001,20,6,0.0001,50,21.0,3.7401330471,4.1198489666,5.24880599976,0.166706085205,0.984065846393,8.7642400738,12.6418081525
0.69666666666666666,1.1000000000000001,20,6,0.0001,50,17.0,3.73314189911,3.80477190018,4.69348716736,0.146873950958,1.19073096911,6.73706291965,12.050568436
0.79444444444444451,1.1000000000000001,20,6,0.0001,50,15.0,3.659927845,3.7428150177,1.91858506203,0.14507484436,0.803931382986,2.41500217598,11.6701357336
0.89222222222222225,1.1000000000000001,20,6,0.0001,50,18.0,3.69641208649,3.78060293198,3.01603794098,0.145582914352,1.01563027501,3.38036630994,15.9851384204
0.12,1.2,20,6,0.0001,50,169.0,3.70649409294,3.78452801704,5.18367195129,0.145598173141,1.01541554285,43.1972662608,21.3829415234
0.21599999999999997,1.2,20,6,0.0001,50,95.0,3.74882221222,3.83731198311,5.10774302483,0.147556066513,1.1035396822,23.6469584483,21.4521044679
0.31199999999999994,1.2,20,6,0.0001,50,40.0,3.63889980316,3.72772192955,2.37116789818,0.0751850605011,0.793347239494,7.59989710955,13.4230379224
0.40799999999999997,1.2,20,6,0.0001,50,33.0,3.67103099823,3.74406599998,4.14787197113,0.0755748748779,0.867623044598,10.1663528704,14.041812318
0.504,1.2,20,6,0.0001,50,34.0,3.68762207031,3.74534010887,3.32019400597,0.376256942749,1.02258410305,6.58768651977,18.4852323171
0.59999999999999987,1.2,20,6,0.0001,50,21.0,3.65205192566,3.74550199509,4.3872551918,0.143884181976,1.05161955482,7.31209198634,12.9404980092
0.69599999999999995,1.2,20,6,0.0001,50,22.0,3.59695601463,3.65824604034,4.67821097374,0.480350971222,1.24473844767,6.72156749101,16.2885196062
0.79199999999999993,1.2,20,6,0.0001,50,15.0,3.63481593132,3.72284197807,2.33693504333,0.143193006516,0.820224835322,2.95067555977,11.5652845231
0.8879999999999999,1.2,20,6,0.0001,50,14.0,3.67334294319,3.74051499367,3.9874022007,0.143868923187,1.12956072887,4.49031779358,12.4950095505
0.98399999999999987,1.2,20,6,0.0001,50,12.0,3.57003903389,3.65822100639,2.60967898369,0.141435146332,1.0054895401,2.6521127883,11.5858295263
0.13,1.3,20,6,0.0001,50,158.0,3.61635994911,3.6830470562,4.77526497841,0.0748209953308,0.867131983623,36.7328075262,21.7585186546
0.23400000000000001,1.3,20,6,0.0001,50,83.0,3.68154597282,3.77029490471,5.23641896248,0.0763511657715,0.998209420546,22.377858814,20.4281643947
0.33800000000000002,1.3,20,6,0.0001,50,41.0,3.67455506325,3.76211190224,5.12128400803,0.1449239254,1.24345306861,15.1517278344,14.6779790697
0.44200000000000006,1.3,20,6,0.0001,50,30.0,3.58055114746,3.65281701088,2.01561403275,0.0740551948547,0.846919085298,4.56021274377,13.9921424888
0.54600000000000004,1.3,20,6,0.0001,50,22.0,3.65990591049,3.75737810135,2.72889304161,0.144300937653,0.810620105267,4.99797260368,12.5105504706
0.65000000000000002,1.3,20,6,0.0001,50,18.0,3.61358499527,3.7065551281,5.14911603928,0.142718076706,1.00201132894,7.9217169835,11.8488581714
0.75400000000000011,1.3,20,6,0.0001,50,17.0,3.68929100037,3.77310490608,1.82537913322,0.214233875275,0.940346860886,2.42092723239,12.8045695683
0.8580000000000001,1.3,20,6,0.0001,50,13.0,3.62104701996,3.71195101738,2.43998980522,0.143020153046,0.906080115925,2.8438109618,11.5725018659
0.96200000000000008,1.3,20,6,0.0001,50,12.0,3.57184505463,3.65187191963,1.3788599968,0.140631914139,0.770933771133,1.4333264,11.9578085555
1.0660000000000001,1.3,20,6,0.0001,50,11.0,3.58024406433,3.66255903244,2.1917450428,0.141224145889,1.03617813852,2.05604600638,11.5247228958
0.13999999999999999,1.3999999999999999,20,6,0.0001,50,134.0,3.7034239769,3.83571910858,4.96643400192,0.0768611431122,0.898530972726,35.4745285852,20.0385875577
0.24181818181818182,1.3999999999999999,20,6,0.0001,50,67.0,3.71399188042,3.80528092384,4.96890091896,0.14678311348,0.808450203675,20.548086507,17.3534394435
0.34363636363636363,1.3999999999999999,20,6,0.0001,50,34.0,3.66631293297,3.73855900764,3.48479294777,0.144291877747,0.8085539639,10.1409318586,12.7171058777
0.44545454545454544,1.3999999999999999,20,6,0.0001,50,28.0,3.76707696915,3.85823893547,3.8503780365,0.148877859116,0.877700127088,8.64370579621,13.1674616919
0.54727272727272724,1.3999999999999999,20,6,0.0001,50,23.0,3.72752594948,3.82423996925,2.95811295509,0.146909952164,0.823009956451,5.40518978505,13.4192221304
0.64909090909090916,1.3999999999999999,20,6,0.0001,50,18.0,3.68623900414,3.77482891083,1.51699304581,0.145557880402,0.792464837432,2.3371041322,12.1270885455
0.75090909090909097,1.3999999999999999,20,6,0.0001,50,16.0,3.68200516701,3.74574995041,1.23350405693,0.144332885742,0.70274579525,1.64268094749,12.4562470838
0.85272727272727278,1.3999999999999999,20,6,0.0001,50,13.0,3.60204100609,3.68675804138,1.64685821533,0.142425060272,0.769122297114,1.93128362139,11.6612366979
0.95454545454545459,1.3999999999999999,20,6,0.0001,50,12.0,3.65303611755,3.73620700836,1.60796785355,0.215867996216,0.774621987343,1.68453775133,11.9398293086
1.0563636363636364,1.3999999999999999,20,6,0.0001,50,12.0,3.60480713844,3.68556404114,1.39711284637,0.205852985382,0.734172415733,1.32256809898,12.2035895349
1.1581818181818182,1.3999999999999999,20,6,0.0001,50,11.0,3.66553115845,3.74850106239,3.58520007133,0.144514083862,1.12698324521,3.09554166285,12.1178678194
0.14999999999999999,1.5,20,6,0.0001,50,134.0,3.60434889793,3.68121099472,4.22118401527,0.27622294426,0.982501382178,28.1412267685,22.0781253627
0.25,1.5,20,6,0.0001,50,67.0,3.6076438427,3.70189404488,4.91663694382,0.0748991966248,0.943693832251,19.6665477753,17.9452291481
0.35000000000000003,1.5,20,6,0.0001,50,43.0,3.70114684105,3.77600598335,3.56726098061,0.102434873581,0.790215137528,10.1921742303,16.2176009727
0.45000000000000007,1.5,20,6,0.0001,50,25.0,3.60822796822,3.70571994781,2.54219889641,0.142736911774,0.97688343214,5.64933088091,12.2766056471
0.55000000000000004,1.5,20,6,0.0001,50,22.0,3.74467992783,3.85205507278,3.43677592278,0.147969007492,0.823468911648,6.24868349596,12.7003650863
0.65000000000000013,1.5,20,6,0.0001,50,20.0,3.62233400345,3.71479392052,3.04704904556,0.275480985641,1.17310623328,4.6877677624,14.0099067459
0.75000000000000011,1.5,20,6,0.0001,50,15.0,3.61212205887,3.72701597214,1.39932990074,0.143248081207,0.611923896349,1.86577320099,11.6774744167
0.8500000000000002,1.5,20,6,0.0001,50,16.0,3.56976890564,3.66206693649,2.20255303383,0.189427852631,0.83180465017,2.59123886333,13.8915525609
0.95000000000000018,1.5,20,6,0.0001,50,13.0,3.67672586441,3.77184605598,1.32940006256,0.145388841629,0.717974987897,1.39936848691,12.1009250214
1.05,1.5,20,6,0.0001,50,12.0,3.65401291847,3.75111913681,1.21496605873,0.194269895554,0.680971050262,1.15711053212,12.2475030061
1.1500000000000001,1.5,20,6,0.0001,50,11.0,3.63229298592,3.69507694244,4.24166703224,0.143301963806,1.1048060788,3.68840611499,12.3093807551
1.2500000000000002,1.5,20,6,0.0001,50,10.0,3.60286092758,3.68134784698,1.20425200462,0.142075061798,0.705851137638,0.963401603699,11.7586097304
0.16,1.6000000000000001,20,6,0.0001,50,114.0,3.70190382004,3.81427502632,3.23284196854,0.103350877762,0.787954956293,20.2052623034,19.7066970608
0.25846153846153846,1.6000000000000001,20,6,0.0001,50,58.0,3.62312698364,3.71519303322,3.96890902519,0.0753498077393,0.814513636487,15.3558980141,16.2579201043
0.3569230769230769,1.6000000000000001,20,6,0.0001,50,39.0,3.67188692093,3.75894379616,2.3761100769,0.144621133804,0.721236319155,6.65720495685,15.0738257331
0.45538461538461539,1.6000000000000001,20,6,0.0001,50,30.0,3.67753100395,3.75731897354,4.55700421333,0.144495010376,0.83391311339,10.0069349279,14.5462958945
0.55384615384615388,1.6000000000000001,20,6,0.0001,50,20.0,3.7163670063,3.80014896393,1.91901302338,0.146169185638,0.855874472194,3.46488462554,12.0457854367
0.65230769230769237,1.6000000000000001,20,6,0.0001,50,18.0,3.61994409561,3.70523405075,1.48395800591,0.14279794693,0.777782425284,2.27493562226,12.1795256651
0.75076923076923074,1.6000000000000001,20,6,0.0001,50,16.0,3.74100708961,3.83750009537,3.46700811386,0.147808074951,0.938710927963,4.61794113527,12.2635152889
0.84923076923076923,1.6000000000000001,20,6,0.0001,50,14.0,3.62143993378,3.71309089661,3.06113505363,0.143208026886,0.944752931595,3.60459743634,12.3229992736
0.94769230769230772,1.6000000000000001,20,6,0.0001,50,13.0,3.76753497124,3.85624098778,1.43970990181,0.14862704277,0.642941149798,1.51917440938,12.399257779
1.0461538461538462,1.6000000000000001,20,6,0.0001,50,12.0,3.58220505714,3.66538906097,2.32139086723,0.141474962234,0.987761569023,2.21897656428,13.0265728268
1.1446153846153846,1.6000000000000001,20,6,0.0001,50,10.0,3.64882421494,3.75131702423,3.18187689781,0.144101142883,1.02371135354,2.77986556931,11.6700155065
1.243076923076923,1.6000000000000001,20,6,0.0001,50,10.0,3.60680794716,3.70333504677,1.30060100555,0.206941843033,0.72199049592,1.0462755614,11.726090378
1.3415384615384613,1.6000000000000001,20,6,0.0001,50,9.0,3.66974401474,3.76136898994,1.39846014977,0.144784927368,0.761851208551,1.04243015751,11.8410770773
0.17000000000000001,1.7000000000000002,20,6,0.0001,50,106.0,3.62320804596,3.70205998421,3.14907407761,0.142789840698,0.758635871685,18.5239651624,19.5985670595
0.26714285714285718,1.7000000000000002,20,6,0.0001,50,54.0,3.66928815842,3.7524960041,1.51038002968,0.0762550830841,0.703442894495,5.6538289881,15.7977976865
0.36428571428571432,1.7000000000000002,20,6,0.0001,50,36.0,3.82648086548,3.92397212982,1.48856496811,0.150763988495,0.693665350185,4.0862567752,14.4756119956
0.46142857142857152,1.7000000000000002,20,6,0.0001,50,28.0,3.77663111687,3.86258196831,3.5705370903,0.148579120636,0.811342917956,7.73800607805,13.9100904306
0.55857142857142861,1.7000000000000002,20,6,0.0001,50,22.0,3.78607702255,3.87550187111,2.46485185623,0.149284124374,0.778023064137,4.41277825924,13.4550941205
0.65571428571428581,1.7000000000000002,20,6,0.0001,50,19.0,3.6845998764,3.77689194679,1.51146101952,0.145265102386,0.709540577496,2.30506037835,13.2568277575
0.752857142857143,1.7000000000000002,20,6,0.0001,50,16.0,3.67753791809,3.77804613113,1.33066916466,0.14543390274,0.800745146615,1.76749224907,13.0422755421
0.85000000000000009,1.7000000000000002,20,6,0.0001,50,13.0,3.66170692444,3.75120210648,1.13952708244,0.144720077515,0.64578426968,1.34062009699,11.6593484537
0.94714285714285729,1.7000000000000002,20,6,0.0001,50,12.0,3.63826608658,3.72490811348,3.42585396767,0.143851995468,0.961391496658,3.61704038818,11.6880441611
1.0442857142857145,1.7000000000000002,20,6,0.0001,50,11.0,3.71484303474,3.80027413368,1.51545810699,0.146514892578,0.774095005459,1.45119107372,11.7200175136
1.1414285714285715,1.7000000000000002,20,6,0.0001,50,10.0,3.65552306175,3.74911403656,1.42184782028,0.144758224487,0.799479573965,1.24567393516,11.7888925921
1.2385714285714287,1.7000000000000002,20,6,0.0001,50,10.0,3.66925191879,3.75342297554,2.06008195877,0.168456077576,0.807773113251,1.66327263107,11.7620871509
1.3357142857142859,1.7000000000000002,20,6,0.0001,50,9.0,3.73249220848,3.81848788261,1.15926790237,0.147511005402,0.75421673911,0.867901103385,11.7980990396
1.4328571428571431,1.7000000000000002,20,6,0.0001,50,9.0,3.88671898842,3.99098587036,1.41832518578,0.207076072693,0.693751880101,0.989858055873,11.8510398221
0.17999999999999999,1.8,20,6,0.0001,50,99.0,3.56426811218,3.6670229435,2.87920618057,0.14115691185,0.74400825353,15.9955898921,19.5083359857
0.28285714285714286,1.8,20,6,0.0001,50,50.0,3.73226523399,3.82960391045,3.62634801865,0.147897005081,0.77657384177,12.8204222881,15.7136316629
0.38571428571428568,1.8,20,6,0.0001,50,34.0,3.63379693031,3.72152686119,2.70688819885,0.101274967194,0.746896721423,7.01785829333,14.4731363186
0.48857142857142855,1.8,20,6,0.0001,50,26.0,3.69676303864,3.77774691582,1.33690190315,0.102679014206,0.69646469752,2.73634892458,13.8686619679
0.59142857142857141,1.8,20,6,0.0001,50,21.0,3.76964712143,3.83592200279,4.38302588463,0.148379087448,0.903091945146,7.41091333149,13.5356408368
0.69428571428571417,1.8,20,6,0.0001,50,18.0,3.59811091423,3.67290282249,3.69990611076,0.190004110336,0.84926687181,5.32908287558,13.2460707111
0.79714285714285715,1.8,20,6,0.0001,50,15.0,3.74003505707,3.84145283699,3.68785715103,0.14821100235,0.955750832191,4.62634409628,13.0122688285
0.89999999999999991,1.8,20,6,0.0001,50,12.0,3.65189003944,3.73580121994,1.50785017014,0.143945932388,0.824073123932,1.67538907793,11.6811798158
1.0028571428571429,1.8,20,6,0.0001,50,11.0,3.64085912704,3.73162198067,1.30919790268,0.143779993057,0.76211116049,1.30546799412,11.6844660001
1.1057142857142856,1.8,20,6,0.0001,50,10.0,3.59439492226,3.67490720749,1.20915007591,0.141882896423,0.702713638544,1.09354658029,11.7395280702
1.2085714285714284,1.8,20,6,0.0001,50,10.0,3.66970586777,3.76251888275,1.24380707741,0.194489002228,0.718848645687,1.02915479218,11.723554391
1.3114285714285714,1.8,20,6,0.0001,50,9.0,3.65845894814,3.74057888985,1.22677206993,0.144330024719,0.739906617573,0.935447112147,11.7631266366
1.4142857142857141,1.8,20,6,0.0001,50,8.0,3.66449213028,3.74119591713,1.23855996132,0.199363946915,0.873385190964,0.875749467597,11.8040800248
1.5171428571428571,1.8,20,6,0.0001,50,8.0,3.6515610218,3.72887206078,1.68746590614,0.143813848495,0.82467675209,1.11226566318,11.9053111432
0.19,1.8999999999999999,20,6,0.0001,50,94.0,3.70417714119,3.79051995277,4.42595100403,0.146183013916,0.825810030751,23.2944789686,19.6728947171
0.29133333333333333,1.8999999999999999,20,6,0.0001,50,47.0,3.65791010857,3.75464296341,3.04615783691,0.0759799480438,0.779125875897,10.4559193487,15.3410596475
0.39266666666666661,1.8999999999999999,20,6,0.0001,50,34.0,3.64857006073,3.73960590363,2.32229495049,0.192708015442,0.756039515138,5.91416371091,15.4655125356
0.49399999999999994,1.8999999999999999,20,6,0.0001,50,24.0,3.66155290604,3.75129199028,1.47361397743,0.144035100937,0.755210822279,2.98302424581,13.3090642955
0.59533333333333327,1.8999999999999999,20,6,0.0001,50,20.0,3.63581490517,3.72178387642,2.51946687698,0.143733024597,0.870122167799,4.23202722898,12.9409126531
0.69666666666666655,1.8999999999999999,20,6,0.0001,50,18.0,3.59329295158,3.68456912041,1.24569892883,0.190345048904,0.613627210259,1.78808458684,14.3424027459
0.79799999999999982,1.8999999999999999,20,6,0.0001,50,15.0,3.62808513641,3.71334719658,1.05537295341,0.143013954163,0.692489569004,1.32252249801,12.4877590384
0.89933333333333332,1.8999999999999999,20,6,0.0001,50,13.0,3.61881899834,3.71628713608,1.12842988968,0.142982959747,0.75875082883,1.25474042589,12.3256870693
1.0006666666666666,1.8999999999999999,20,6,0.0001,50,12.0,3.63942599297,3.73376297951,1.22881793976,0.16764497757,0.705074954033,1.22799927357,12.2038956918
1.1019999999999999,1.8999999999999999,20,6,0.0001,50,11.0,3.68750214577,3.78326296806,2.31694412231,0.195188999176,0.818296247058,2.10249012914,12.1400974203
1.2033333333333331,1.8999999999999999,20,6,0.0001,50,10.0,3.6306989193,3.72061300278,1.21428894997,0.143491983414,0.733109235764,1.00910439056,12.0272687279
1.3046666666666664,1.8999999999999999,20,6,0.0001,50,9.0,3.65679788589,3.73747515678,1.31274795532,0.14577293396,0.77865082877,1.00619414051,11.9659629835
1.4059999999999997,1.8999999999999999,20,6,0.0001,50,9.0,3.67088603973,3.76921796799,2.06210589409,0.145563840866,0.899561234883,1.46664715085,12.4547276484
1.507333333333333,1.8999999999999999,20,6,0.0001,50,8.0,3.63496303558,3.71024799347,1.03205609322,0.143522024155,0.650248845418,0.684690022038,11.927630363
1.6086666666666665,1.8999999999999999,20,6,0.0001,50,8.0,3.71633911133,3.81314301491,1.52576398849,0.219008922577,0.885895927747,0.948464974197,11.8319204031
0.20000000000000001,2.0,20,6,0.0001,50,88.0,3.61083483696,3.71152710915,2.93138313293,0.142766952515,0.809072452922,14.6569156647,19.4115084898
0.30000000000000004,2.0,20,6,0.0001,50,44.0,3.73566699028,3.83780789375,2.22748613358,0.14763212204,0.822730325517,7.42495377858,15.0041834167
0.40000000000000002,2.0,20,6,0.0001,50,30.0,3.74742889404,3.84983301163,2.58013391495,0.148380994797,0.9081796578,6.45033478737,13.6480376749
0.5,2.0,20,6,0.0001,50,23.0,3.59340691566,3.68654990196,2.2983751297,0.142097949982,0.74750091916,4.5967502594,12.8899072766
0.60000000000000009,2.0,20,6,0.0001,50,19.0,3.63543105125,3.73191285133,1.3047888279,0.143866062164,0.745155208251,2.17464804649,12.4660979569
0.69999999999999996,2.0,20,6,0.0001,50,17.0,3.72415113449,3.81188988686,2.77022409439,0.146917104721,0.944239600499,3.95746299199,12.9076766133
0.80000000000000004,2.0,20,6,0.0001,50,14.0,3.72440505028,3.81804895401,3.42707514763,0.147109985352,0.948293765386,4.28384393454,11.9533092715
0.90000000000000013,2.0,20,6,0.0001,50,12.0,3.6761059761,3.76880311966,2.26928210258,0.14506983757,1.00165543556,2.52142455843,11.7882527862
1.0,2.0,20,6,0.0001,50,11.0,3.87049102783,3.97160100937,1.30747818947,0.153524875641,0.859092315038,1.30747818947,11.6807239277
1.1000000000000001,2.0,20,6,0.0001,50,11.0,3.61713886261,3.70729804039,1.21261382103,0.144820928574,0.692009051641,1.10237620094,12.6805164414
1.2,2.0,20,6,0.0001,50,10.0,3.61486196518,3.69926595688,1.03409194946,0.142573833466,0.71938598156,0.861743291219,12.471922194
1.3,2.0,20,6,0.0001,50,9.0,3.71933603287,3.82828211784,1.73261499405,0.258072137833,0.970074857984,1.33278076465,12.2981604881
1.4000000000000001,2.0,20,6,0.0001,50,9.0,3.61571502686,3.72349691391,1.39658689499,0.143499851227,0.706123760768,0.997562067849,12.2309401215
1.5,2.0,20,6,0.0001,50,8.0,3.6845459938,3.7799949646,1.3265349865,0.16996383667,0.745417714119,0.884356657664,12.1272012405
1.6000000000000001,2.0,20,6,0.0001,50,8.0,3.69729304314,3.78349089622,1.61021900177,0.146289110184,0.949177185694,1.00638687611,11.9751312419
1.7,2.0,20,6,0.0001,50,7.0,3.60121512413,3.68962311745,1.03112602234,0.195721149445,0.655194425583,0.606544719023,11.8805446839
0.21000000000000002,2.1000000000000001,20,6,0.0001,50,88.0,3.7542591095,3.81554889679,3.72295093536,0.147267103195,0.946670507276,17.7283377874,20.4178031969
0.30882352941176472,2.1000000000000001,20,6,0.0001,50,42.0,3.62921404839,3.71737599373,2.1133620739,0.143674135208,0.769690418243,6.84326766786,14.8031971946
0.40764705882352947,2.1000000000000001,20,6,0.0001,50,28.0,3.6686527729,3.74219298363,3.39431905746,0.144513845444,0.835548455899,8.32661240647,13.2104699134
0.50647058823529423,2.1000000000000001,20,6,0.0001,50,22.0,3.67624807358,3.7554731369,3.04592990875,0.144658088684,0.852851760387,6.01403117872,12.5071149564
0.60529411764705887,2.1000000000000001,20,6,0.0001,50,22.0,3.58558702469,3.66900706291,1.73319506645,0.141187906265,0.784226262569,2.86339320988,14.5818925785
0.70411764705882351,2.1000000000000001,20,6,0.0001,50,18.0,3.68000483513,3.76601886749,4.61443686485,0.146226882935,1.03013950586,6.55350264849,13.7243524288
0.80294117647058827,2.1000000000000001,20,6,0.0001,50,15.0,3.70489811897,3.78364300728,1.49931097031,0.145845890045,0.694738039604,1.86727373591,13.1121046246
0.90176470588235302,2.1000000000000001,20,6,0.0001,50,13.0,3.62394881248,3.70274305344,1.38588309288,0.142929077148,0.74084073847,1.53685665877,12.6922732133
1.0005882352941178,2.1000000000000001,20,6,0.0001,50,12.0,3.64288902283,3.7118639946,1.3082818985,0.191992998123,0.732990050316,1.30751277334,12.406639695
1.0994117647058825,2.1000000000000001,20,6,0.0001,50,11.0,3.71998715401,3.81726002693,1.3558909893,0.197897195816,0.784142547184,1.23328768422,12.181793241
1.1982352941176471,2.1000000000000001,20,6,0.0001,50,10.0,3.74251103401,3.84177803993,1.25473093987,0.199012041092,0.822480529547,1.04714904161,11.9430424184
1.2970588235294118,2.1000000000000001,20,6,0.0001,50,9.0,3.71014809608,3.80202579498,2.12164211273,0.147219896317,0.890325989042,1.63573314814,11.7938782219
1.3958823529411766,2.1000000000000001,20,6,0.0001,50,8.0,3.67202210426,3.75504589081,1.3226211071,0.194209814072,0.770733912786,0.947516174494,11.6955769432
1.4947058823529413,2.1000000000000001,20,6,0.0001,50,8.0,3.70001506805,3.80736899376,2.08600592613,0.146681785583,0.916613260905,1.39559625125,11.5045006832
1.5935294117647059,2.1000000000000001,20,6,0.0001,50,8.0,3.81893181801,3.90690898895,5.00627803802,0.150485038757,1.39025485516,3.14162889061,12.1961505343
1.6923529411764706,2.1000000000000001,20,6,0.0001,50,7.0,3.6210770607,3.69651699066,1.31340789795,0.191601991653,0.764463663101,0.776083916062,12.0269252435
1.7911764705882354,2.1000000000000001,20,6,0.0001,50,7.0,3.70248198509,3.79417419434,1.25273895264,0.170869827271,0.782264947891,0.699394489156,11.9340743753
0.22000000000000003,2.2000000000000002,20,6,0.0001,50,78.0,3.68013691902,3.77282500267,4.7813179493,0.14511179924,0.858757477058,21.7332634059,19.2130429888
0.31777777777777783,2.2000000000000002,20,6,0.0001,50,40.0,3.76759815216,3.85397696495,4.85395002365,0.148239850998,0.930113710855,15.2746679066,14.5442527168
0.41555555555555557,2.2000000000000002,20,6,0.0001,50,27.0,3.63990592957,3.7435760498,2.18817090988,0.144309043884,0.795429916382,5.26565192217,12.9280833905
0.51333333333333342,2.2000000000000002,20,6,0.0001,50,27.0,3.6211168766,3.71109509468,3.3766708374,0.143223047256,0.854564819336,6.57793020274,15.5994137327
0.61111111111111116,2.2000000000000002,20,6,0.0001,50,21.0,3.63634490967,3.73520493507,1.22571706772,0.144247055054,0.729760395853,2.00571883809,14.1170612418
0.7088888888888889,2.2000000000000002,20,6,0.0001,50,17.0,3.5865521431,3.68121600151,1.1114051342,0.165818929672,0.734506511688,1.56781288524,13.2369752992
0.80666666666666664,2.2000000000000002,20,6,0.0001,50,14.0,3.64034819603,3.72497391701,2.79033994675,0.143602132797,0.939605673154,3.45909910754,12.6243185836
0.90444444444444461,2.2000000000000002,20,6,0.0001,50,13.0,3.76785993576,3.85600781441,4.91954302788,0.148465871811,1.2901237011,5.43929818807,12.8215273253
1.0022222222222223,2.2000000000000002,20,6,0.0001,50,11.0,3.65892791748,3.74642205238,2.92873215675,0.144600152969,1.03082055516,2.92223829388,11.9262484317
1.1000000000000001,2.2000000000000002,20,6,0.0001,50,10.0,3.81005907059,3.90391492844,3.18408989906,0.150677204132,1.02999478579,2.89462718097,11.6599931032
1.1977777777777778,2.2000000000000002,20,6,0.0001,50,10.0,3.68022418022,3.78351283073,3.08079385757,0.145596027374,1.00802487135,2.57209134676,12.5402283229
1.2955555555555556,2.2000000000000002,20,6,0.0001,50,9.0,3.62683391571,3.72243285179,1.96852207184,0.192167043686,0.926878145763,1.51944242251,12.6331347469
1.3933333333333333,2.2000000000000002,20,6,0.0001,50,8.0,3.67671108246,3.7516181469,1.14384293556,0.292020082474,0.717295964559,0.820939905908,12.0684352038
1.4911111111111111,2.2000000000000002,20,6,0.0001,50,8.0,3.68637394905,3.77787017822,1.31990885735,0.145474910736,0.861173113187,0.885184777654,11.8345079703
1.588888888888889,2.2000000000000002,20,6,0.0001,50,7.0,3.70351195335,3.81822991371,1.24379086494,0.291122913361,0.864291381836,0.782805439475,11.67341932
1.6866666666666668,2.2000000000000002,20,6,0.0001,50,7.0,3.61722517014,3.70718789101,2.28870487213,0.192025899887,1.11227097511,1.35693964751,11.5432745422
1.7844444444444445,2.2000000000000002,20,6,0.0001,50,7.0,3.64345502853,3.75194001198,3.36055111885,0.285315990448,1.4992108345,1.88324782501,12.840601607
1.8822222222222222,2.2000000000000002,20,6,0.0001,50,7.0,3.72020888329,3.82168698311,1.33378696442,0.214244127274,0.700978183746,0.708623534815,12.004203422
0.22999999999999998,2.2999999999999998,20,6,0.0001,50,74.0,3.73474192619,3.8458609581,3.18339800835,0.148343086243,0.869610306289,13.8408609059,19.1559644313
0.3322222222222222,2.2999999999999998,20,6,0.0001,50,38.0,3.60272598267,3.70174193382,1.40380501747,0.142524957657,0.767357064618,4.22550005259,14.5048933395
0.43444444444444441,2.2999999999999998,20,6,0.0001,50,26.0,3.76187801361,3.85440897942,1.35446310043,0.148854017258,0.771096229553,3.117690001,12.9380750061
0.53666666666666663,2.2999999999999998,20,6,0.0001,50,26.0,3.64286804199,3.75602912903,1.13184285164,0.144707918167,0.735090086857,2.10902394715,15.4938574816
0.63888888888888884,2.2999999999999998,20,6,0.0001,50,20.0,3.70284795761,3.79566907883,3.97265386581,0.170668125153,0.89939988984,6.2180669204,14.1058591955
0.74111111111111105,2.2999999999999998,20,6,0.0001,50,16.0,3.6361541748,3.72994685173,1.22432899475,0.143840074539,0.808874419757,1.65201813385,13.2200843747
0.84333333333333327,2.2999999999999998,20,6,0.0001,50,14.0,3.62560987473,3.72999882698,1.23360204697,0.192440986633,0.766947666804,1.46276922565,12.6683519697
0.94555555555555548,2.2999999999999998,20,6,0.0001,50,12.0,3.75782108307,3.84099507332,1.36100912094,0.147999048233,0.821182870865,1.43937509853,12.2385920172
1.0477777777777777,2.2999999999999998,20,6,0.0001,50,11.0,3.70195889473,3.8116710186,3.25056290627,0.196667909622,0.999836206436,3.10233999537,11.9282863473
1.1499999999999999,2.2999999999999998,20,6,0.0001,50,10.0,3.72781705856,3.83433008194,1.25029015541,0.284411907196,0.865054130554,1.08720883079,11.6722073808
1.2522222222222221,2.2999999999999998,20,6,0.0001,50,10.0,3.60962796211,3.7093360424,1.21251296997,0.275384902954,0.839036226273,0.968288973359,12.5922633602
1.3544444444444443,2.2999999999999998,20,6,0.0001,50,9.0,3.68430709839,3.7873301506,1.12505888939,0.146206140518,0.616665874209,0.83064233015,12.3101215901
1.4566666666666666,2.2999999999999998,20,6,0.0001,50,8.0,3.62778997421,3.72196602821,1.12091112137,0.192425012589,0.814395705859,0.769504202311,12.029488095
1.5588888888888888,2.2999999999999998,20,6,0.0001,50,8.0,3.71495008469,3.81017804146,1.13683199883,0.282546043396,0.749232172966,0.729257875226,11.8514537773
1.661111111111111,2.2999999999999998,20,6,0.0001,50,7.0,3.64423799515,3.72294688225,1.22308206558,0.192986011505,0.80840177536,0.736303584632,11.6897107761
1.7633333333333332,2.2999999999999998,20,6,0.0001,50,7.0,3.76188588142,3.86722111702,1.06271100044,0.220438957214,0.767087602615,0.602671644865,11.6150239745
1.8655555555555554,2.2999999999999998,20,6,0.0001,50,7.0,3.61129307747,3.70516419411,1.01809620857,0.210508108139,0.734476280212,0.545733524546,12.2282640724
1.9677777777777776,2.2999999999999998,20,6,0.0001,50,6.0,3.605935812,3.68788909912,3.16842412949,0.382375001907,1.28470957279,1.61015342549,12.0235201919
0.24000000000000005,2.4000000000000004,20,6,0.0001,50,70.0,3.64239907265,3.7509970665,2.14567494392,0.144285917282,0.803050205988,8.94031226635,19.0514108952
0.34105263157894744,2.4000000000000004,20,6,0.0001,50,36.0,3.71829009056,3.80838680267,1.61782693863,0.148683786392,0.801545802285,4.74362836944,14.2584145979
0.44210526315789478,2.4000000000000004,20,6,0.0001,50,24.0,3.65563106537,3.75314903259,1.31443214417,0.144795894623,0.754246809266,2.97312032609,12.6287696411
0.54315789473684217,2.4000000000000004,20,6,0.0001,50,24.0,3.63882493973,3.71283483505,1.21171593666,0.14307308197,0.760673544624,2.23087236401,14.9524301297
0.64421052631578957,2.4000000000000004,20,6,0.0001,50,19.0,3.72455000877,3.81628513336,2.1582710743,0.197224140167,0.853413988562,3.35025738657,13.7153519934
0.74526315789473685,2.4000000000000004,20,6,0.0001,50,15.0,3.62657213211,3.72916102409,1.03097295761,0.167388916016,0.735719350668,1.38336766911,12.841664619
0.84631578947368435,2.4000000000000004,20,6,0.0001,50,13.0,3.6735959053,3.77716708183,2.11266994476,0.145864009857,0.909643389962,2.49631398946,12.2584419002
0.94736842105263164,2.4000000000000004,20,6,0.0001,50,11.0,3.68176293373,3.78063511848,1.42742395401,0.28933596611,0.823793649673,1.50672528479,11.8547215334
1.0484210526315791,2.4000000000000004,20,6,0.0001,50,11.0,3.71928691864,3.82073998451,1.3349571228,0.290360927582,0.818398078283,1.27330247657,12.8651509667
1.1494736842105264,2.4000000000000004,20,6,0.0001,50,10.0,3.72408890724,3.81785011292,1.35418701172,0.197340011597,0.832629978657,1.17809309628,12.4423506056
1.2505263157894737,2.4000000000000004,20,6,0.0001,50,9.0,3.65677189827,3.75238490105,2.25067901611,0.194035053253,0.892694745745,1.79978540851,12.1156271008
1.3515789473684212,2.4000000000000004,20,6,0.0001,50,8.0,3.68900895119,3.79470610619,1.62382698059,0.289157152176,0.859651962916,1.20142961959,11.8415675495
1.4526315789473685,2.4000000000000004,20,6,0.0001,50,8.0,3.66273117065,3.75263810158,0.949140071869,0.145150899887,0.722632646561,0.653393527735,11.6003208507
1.553684210526316,2.4000000000000004,20,6,0.0001,50,8.0,3.74889993668,3.84682607651,0.974142074585,0.148344993591,0.741077303886,0.626988462638,12.3077500333
1.6547368421052633,2.4000000000000004,20,6,0.0001,50,7.0,3.62879991531,3.72739481926,2.24896097183,0.654985904694,1.08697338104,1.359104913,12.0423610603
1.7557894736842108,2.4000000000000004,20,6,0.0001,50,7.0,3.6521718502,3.75670695305,1.23545718193,0.168854951859,0.773074245453,0.703647675562,11.859933043
1.8568421052631581,2.4000000000000004,20,6,0.0001,50,6.0,3.69509315491,3.78589010239,1.232640028,0.19686794281,0.792355716228,0.663836749774,11.7157609014
1.9578947368421054,2.4000000000000004,20,6,0.0001,50,6.0,3.54834604263,3.63353300095,1.18173909187,0.188335180283,0.759487330914,0.603576417893,12.2211292792
2.0589473684210531,2.4000000000000004,20,6,0.0001,50,6.0,3.67421197891,3.77622199059,1.22313809395,0.573675870895,0.851154446602,0.594059912705,12.0404265206
0.25,2.5,20,6,0.0001,50,68.0,3.64996600151,3.73776698112,2.78232622147,0.167719125748,0.820378372163,11.1293048859,19.3016186414
0.34999999999999998,2.5,20,6,0.0001,50,34.0,3.70817804337,3.79538011551,1.42617297173,0.170563220978,0.81134454906,4.07477991922,14.0623066709
0.45000000000000001,2.5,20,6,0.0001,50,34.0,3.68259477615,3.76346898079,1.4046599865,0.169152975082,0.801067873836,3.12146663666,17.3625610064
0.55000000000000004,2.5,20,6,0.0001,50,23.0,3.80579400063,3.87893390656,1.60593986511,0.149413108826,0.837476378395,2.91989066384,14.6079373709
0.65000000000000002,2.5,20,6,0.0001,50,18.0,3.59209990501,3.67157101631,1.12227106094,0.189634084702,0.739482924342,1.72657086299,13.2953830375
0.75,2.5,20,6,0.0001,50,15.0,3.680300951,3.75928592682,2.53889918327,0.169550180435,1.09399502094,3.38519891103,12.8125982429
0.85000000000000009,2.5,20,6,0.0001,50,15.0,3.71652603149,3.79712677002,1.70990490913,0.282902002335,0.972987395066,2.01165283428,13.8682306011
0.95000000000000007,2.5,20,6,0.0001,50,12.0,3.5857489109,3.66893196106,1.30306315422,0.19093298912,0.76504368782,1.3716454255,12.959984389
1.05,2.5,20,6,0.0001,50,12.0,3.57786202431,3.66772890091,1.57038092613,0.189774990082,0.851801109314,1.49560088203,13.4439272846
1.1499999999999999,2.5,20,6,0.0001,50,10.0,3.70800805092,3.78497886658,1.15182304382,0.212074995041,0.847655385733,1.0015852555,12.033858872
1.25,2.5,20,6,0.0001,50,9.0,3.66683101654,3.75974488258,1.12291193008,0.169486999512,0.633718013763,0.898329544067,11.7041716048
1.3500000000000001,2.5,20,6,0.0001,50,9.0,3.84026503563,3.92708992958,1.17179012299,0.176865100861,0.703764200211,0.867992683693,12.5039434183
1.4500000000000002,2.5,20,6,0.0001,50,8.0,3.65508389473,3.74640703201,1.31145477295,0.19365811348,0.832653641701,0.904451567551,12.1063403766
1.55,2.5,20,6,0.0001,50,7.0,3.60806679726,3.70480394363,1.38873100281,0.56138086319,0.822962808609,0.895955485682,11.8231878066
1.6500000000000001,2.5,20,6,0.0001,50,7.0,3.59262800217,3.68273305893,1.09799194336,0.190827131271,0.797686052322,0.665449662642,11.6039102163
1.75,2.5,20,6,0.0001,50,7.0,3.71207809448,3.80570888519,1.13275384903,0.196622133255,0.822580814362,0.647287913731,12.2039342236
1.8500000000000001,2.5,20,6,0.0001,50,7.0,3.61132717133,3.70707392693,1.30360198021,0.274886846542,0.751165962219,0.704649719032,12.00079729
1.9500000000000002,2.5,20,6,0.0001,50,6.0,3.59929704666,3.69738507271,2.23605084419,0.468500137329,1.2081887722,1.14669274061,11.7399520743
2.0499999999999998,2.5,20,6,0.0001,50,6.0,3.6139318943,3.72150397301,1.39356994629,0.192045927048,0.914889037609,0.679790217702,11.5148616412
2.1500000000000004,2.5,20,6,0.0001,50,6.0,3.73202991486,3.83572983742,1.35655498505,0.197394132614,0.920063734055,0.630955806998,12.0146160832
0.26000000000000001,2.6000000000000001,20,6,0.0001,50,64.0,3.73803520203,3.82659912109,2.22766685486,0.172168016434,0.888560202814,8.56794944176,19.0013514227
0.35904761904761906,2.6000000000000001,20,6,0.0001,50,32.0,3.61556100845,3.68971681595,2.43378186226,0.165876865387,0.847694730759,6.7784375474,13.876130581
0.45809523809523811,2.6000000000000001,20,6,0.0001,50,32.0,3.67773103714,3.75470280647,2.45421791077,0.169084072113,0.871384048462,5.35744034575,16.9466382572
0.55714285714285716,2.6000000000000001,20,6,0.0001,50,22.0,3.56633996964,3.6578040123,1.28355503082,0.164569854736,0.745388519764,2.30381672199,14.2948483314
0.65619047619047621,2.6000000000000001,20,6,0.0001,50,17.0,3.78670287132,3.88253188133,1.88369488716,0.174744129181,0.886467949549,2.87065258566,12.9736855746
0.75523809523809526,2.6000000000000001,20,6,0.0001,50,14.0,3.84129405022,3.92809796333,1.79260897636,0.176805973053,0.924485107263,2.37356800149,12.1545075108
0.85428571428571431,2.6000000000000001,20,6,0.0001,50,14.0,3.55853319168,3.65297913551,1.65580296516,0.164247989655,0.820261359215,1.93823089568,13.442467423
0.95333333333333337,2.6000000000000001,20,6,0.0001,50,12.0,3.71033215523,3.77128577232,2.22098398209,0.169607877731,0.877248811722,2.32970347771,12.6586010906
1.0523809523809524,2.6000000000000001,20,6,0.0001,50,10.0,3.66372179985,3.74809002876,1.13357615471,0.194092988968,0.744231194258,1.07715381217,12.0765954378
1.1514285714285715,2.6000000000000001,20,6,0.0001,50,10.0,3.63342499733,3.72122502327,1.22136497498,0.283579111099,0.807648003101,1.06073881201,12.9676191225
1.2504761904761905,2.6000000000000001,20,6,0.0001,50,10.0,3.65928411484,3.74886393547,3.47051882744,0.248373985291,1.30203202367,2.77535778279,13.0510554856
1.3495238095238096,2.6000000000000001,20,6,0.0001,50,8.0,3.66418409348,3.74985790253,1.86465620995,0.286344051361,0.908935705821,1.38171419933,12.0530494545
1.4485714285714286,2.6000000000000001,20,6,0.0001,50,8.0,3.76231193542,3.85992789268,1.15062403679,0.173366069794,0.690773208936,0.794316396206,11.7436829285
1.5476190476190477,2.6000000000000001,20,6,0.0001,50,8.0,3.59897303581,3.68737888336,1.19525313377,0.165992975235,0.739591876666,0.772317409515,12.4363153084
1.6466666666666667,2.6000000000000001,20,6,0.0001,50,7.0,3.65753698349,3.75131988525,2.16614508629,0.194205999374,0.908628797531,1.31547272446,12.0815392451
1.7457142857142858,2.6000000000000001,20,6,0.0001,50,7.0,3.66534614563,3.76825499535,1.89251613617,0.169461965561,1.00209498405,1.08409271303,11.829014547
1.8447619047619048,2.6000000000000001,20,6,0.0001,50,7.0,3.6144990921,3.70916008949,2.86301612854,0.166257143021,1.22181224823,1.55197053948,12.4219343345
1.9438095238095239,2.6000000000000001,20,6,0.0001,50,6.0,3.56751489639,3.65771102905,1.65650081635,0.464286804199,0.902056396008,0.852192972642,12.1081176964
2.0428571428571427,2.6000000000000001,20,6,0.0001,50,6.0,3.64880609512,3.73746490479,1.22667884827,0.473129034042,0.826880991459,0.600472163486,11.8110116952
2.1419047619047618,2.6000000000000001,20,6,0.0001,50,6.0,3.66202497482,3.75721096992,1.21805310249,0.1686668396,0.865772247314,0.568677526732,11.5998304602
2.2409523809523808,2.6000000000000001,20,6,0.0001,50,6.0,3.63773107529,3.73170900345,1.20915198326,0.167578935623,0.859302997589,0.539570583266,12.0951413522
0.27000000000000002,2.7000000000000002,20,6,0.0001,50,64.0,3.57059812546,3.68531990051,2.54826402664,0.190248966217,0.928321203878,9.43801491349,19.7755526397
0.36818181818181822,2.7000000000000002,20,6,0.0001,50,33.0,3.66974401474,3.78791880608,1.50647616386,0.195534944534,0.805046696817,4.09166365494,14.3552518077
0.46636363636363642,2.7000000000000002,20,6,0.0001,50,33.0,3.71548295021,3.8161149025,1.52514696121,0.196943044662,0.839700560416,3.27029562833,17.4969741403
0.56454545454545457,2.7000000000000002,20,6,0.0001,50,22.0,3.57778382301,3.69160199165,2.35342979431,0.19053196907,0.842133951187,4.16871622181,14.5296291816
0.66272727272727283,2.7000000000000002,20,6,0.0001,50,17.0,3.67258310318,3.76104807854,1.13142800331,0.168941020966,0.775759188334,1.70723018332,13.13734314
0.76090909090909098,2.7000000000000002,20,6,0.0001,50,17.0,3.634349823,3.72855710983,1.11924600601,0.192555189133,0.719891341527,1.47093262439,14.7080943255
0.85909090909090913,2.7000000000000002,20,6,0.0001,50,14.0,3.69267392159,3.77562904358,1.2241089344,0.247672796249,0.797237118085,1.42488870671,13.5420585397
0.95727272727272739,2.7000000000000002,20,6,0.0001,50,12.0,3.63153791428,3.72570514679,1.21390390396,0.192477941513,0.747840690613,1.26808574963,12.7432089212
1.0554545454545456,2.7000000000000002,20,6,0.0001,50,12.0,3.6874871254,3.78046011925,1.23048496246,0.196053028107,0.742420077324,1.1658341591,13.8231377128
1.1536363636363638,2.7000000000000002,20,6,0.0001,50,10.0,3.79300713539,3.89884209633,1.27454805374,0.297163009644,0.848611325026,1.10480918764,13.0538852535
1.2518181818181819,2.7000000000000002,20,6,0.0001,50,9.0,3.62583684921,3.71970701218,1.19507813454,0.474014997482,0.774662869317,0.954673891059,12.5459540638
1.3500000000000001,2.7000000000000002,20,6,0.0001,50,8.0,3.60860013962,3.70166182518,2.22353100777,0.367786884308,1.02019266287,1.64706000575,12.1475871325
1.4481818181818182,2.7000000000000002,20,6,0.0001,50,8.0,3.56368780136,3.65828323364,2.22180318832,0.365350008011,0.966147979101,1.53420182496,12.8347657369
1.5463636363636364,2.7000000000000002,20,6,0.0001,50,8.0,3.73763799667,3.84169006348,1.15305304527,0.250844955444,0.814342697461,0.745654526633,12.4431971642
1.6445454545454548,2.7000000000000002,20,6,0.0001,50,7.0,3.72291684151,3.81941103935,1.52759003639,0.198345184326,0.867289400101,0.928882830308,12.1019789526
1.7427272727272729,2.7000000000000002,20,6,0.0001,50,7.0,3.66667795181,3.76390314102,1.49940395355,0.194082975388,0.812113952637,0.860377855454,12.6914545035
1.8409090909090911,2.7000000000000002,20,6,0.0001,50,7.0,3.58642506599,3.68744111061,1.03084802628,0.190968036652,0.76292142868,0.559966829088,12.3987799153
1.9390909090909092,2.7000000000000002,20,6,0.0001,50,6.0,3.70657396317,3.80122685432,1.51201796532,0.578539848328,0.976153194904,0.779756100257,12.1676766883
2.0372727272727271,2.7000000000000002,20,6,0.0001,50,6.0,3.64863300323,3.7433218956,1.50179195404,0.570829868317,0.96446120739,0.737158031882,12.6582355445
2.1354545454545457,2.7000000000000002,20,6,0.0001,50,6.0,3.70518493652,3.89018583298,1.50944399834,0.289746999741,0.881078481674,0.706849041368,12.4480907331
2.2336363636363639,2.7000000000000002,20,6,0.0001,50,6.0,3.64171886444,3.71990990639,1.30448102951,0.192859888077,0.942158997059,0.584016740928,12.1520345558
2.331818181818182,2.7000000000000002,20,6,0.0001,50,6.0,3.69060921669,3.78422784805,1.31799507141,0.19521188736,0.859177649021,0.565222057915,12.6428080044
0.27999999999999997,2.7999999999999998,20,6,0.0001,50,58.0,3.62794589996,3.70881295204,2.94274806976,0.191318035126,0.909433526652,10.5098145349,18.8180918166
0.38181818181818178,2.7999999999999998,20,6,0.0001,50,30.0,3.64545798302,3.73528194427,1.40356993675,0.193338155746,0.842549426215,3.67601650102,13.7494935082
0.48363636363636364,2.7999999999999998,20,6,0.0001,50,30.0,3.5636780262,3.67983293533,1.37651109695,0.190351009369,0.815753042698,2.84616956137,16.7024063069
0.58545454545454545,2.7999999999999998,20,6,0.0001,50,20.0,3.66379117966,3.75527501106,1.22247886658,0.193912982941,0.808427559005,2.08808502055,13.943194959
0.68727272727272726,2.7999999999999998,20,6,0.0001,50,16.0,3.7307138443,3.83289504051,2.59270381927,0.198052883148,0.891389897891,3.77245264709,12.6896040321
0.78909090909090907,2.7999999999999998,20,6,0.0001,50,16.0,3.6910200119,3.77644205093,3.3835670948,0.195667982101,0.954505324364,4.2879306501,14.2168364988
0.89090909090909087,2.7999999999999998,20,6,0.0001,50,13.0,3.66437005997,3.75848698616,2.19450306892,0.286177158356,1.04392966357,2.46321773043,13.4453141872
0.99272727272727268,2.7999999999999998,20,6,0.0001,50,11.0,3.58865499496,3.6814661026,1.1110098362,0.192945957184,0.732177098592,1.1191491024,12.284903485
1.0945454545454545,2.7999999999999998,20,6,0.0001,50,11.0,3.5836019516,3.70293593407,1.11258292198,0.190108060837,0.777559200923,1.01647941377,13.3034380456
1.1963636363636363,2.7999999999999998,20,6,0.0001,50,10.0,3.62217092514,3.71130394936,3.35290789604,0.32110118866,1.33486527205,2.80258258789,12.6732467594
1.2981818181818183,2.7999999999999998,20,6,0.0001,50,9.0,3.63542699814,3.73562002182,1.39587903023,0.322671890259,0.834367445537,1.07525695606,12.1266296683
1.4000000000000001,2.7999999999999998,20,6,0.0001,50,8.0,3.66463303566,3.75827002525,1.23470115662,0.287760972977,0.855946818988,0.881929397583,11.6950216803
1.5018181818181819,2.7999999999999998,20,6,0.0001,50,8.0,3.71460986137,3.83375620842,1.24614095688,0.290996074677,0.879583875338,0.829754874434,12.4077133012
1.6036363636363637,2.7999999999999998,20,6,0.0001,50,7.0,3.63222908974,3.7066450119,1.32218599319,0.464189767838,0.823093509674,0.824492399383,12.0116892889
1.7054545454545456,2.7999999999999998,20,6,0.0001,50,7.0,3.63361787796,3.73516917229,1.4014749527,0.27988910675,0.863036155701,0.821760366723,11.7102647112
1.8072727272727274,2.7999999999999998,20,6,0.0001,50,7.0,3.71063780785,3.79243302345,1.42286300659,0.285055875778,0.856942605972,0.787298444292,12.3213072686
1.9090909090909092,2.7999999999999998,20,6,0.0001,50,6.0,3.74552607536,3.83534002304,1.25555706024,0.38817691803,0.873885691166,0.657672745841,11.9132646348
2.0109090909090908,2.7999999999999998,20,6,0.0001,50,6.0,3.64122319221,3.74055790901,1.02866816521,0.286271095276,0.795124769211,0.511543843457,11.6364764708
2.1127272727272728,2.7999999999999998,20,6,0.0001,50,6.0,3.74202895164,3.83902812004,1.05226397514,0.293210029602,0.791606485844,0.49805954073,12.1456108746
2.2145454545454544,2.7999999999999998,20,6,0.0001,50,6.0,3.61297988892,3.69906306267,1.48079395294,0.319827079773,0.893738269806,0.668667220128,11.8829981216
2.3163636363636364,2.7999999999999998,20,6,0.0001,50,5.0,3.81271600723,3.90076804161,1.38861703873,0.780067920685,1.05311067899,0.59948145314,11.6464038114
2.418181818181818,2.7999999999999998,20,6,0.0001,50,5.0,3.82899880409,3.92428994179,1.39916610718,0.785933971405,1.06102164586,0.578602525525,12.053600232
0.29000000000000004,2.9000000000000004,20,6,0.0001,50,55.0,3.67115402222,4.36327910423,2.48413395882,0.194421768188,0.889619368427,8.56597916833,18.6931536788
0.39086956521739136,2.9000000000000004,20,6,0.0001,50,28.0,3.66251397133,4.36164402962,1.68534207344,0.194358110428,0.844909814688,4.3117761612,13.5564498621
0.49173913043478268,2.9000000000000004,20,6,0.0001,50,28.0,3.65065908432,4.33632993698,1.81062293053,0.19322013855,0.839570898276,3.68208023007,16.2801175872
0.592608695652174,2.9000000000000004,20,6,0.0001,50,19.0,3.62366986275,4.32317590714,1.39560413361,0.192425012589,0.808523977504,2.35501798041,13.6632034606
0.69347826086956532,2.9000000000000004,20,6,0.0001,50,15.0,3.67076086998,3.7582218647,1.5179541111,0.282310009003,0.832549388592,2.18889934516,12.4118319878
0.79434782608695664,2.9000000000000004,20,6,0.0001,50,15.0,3.69517707825,3.77581906319,1.42956805229,0.284075975418,0.838169611417,1.79967516162,13.8238524534
0.89521739130434796,2.9000000000000004,20,6,0.0001,50,12.0,3.59341788292,3.68783187866,1.1063580513,0.190535068512,0.767283892632,1.2358540641,12.6999680847
0.99608695652173929,2.9000000000000004,20,6,0.0001,50,10.0,3.60969901085,4.28542399406,1.03470802307,0.28164601326,0.808970361948,1.03877278615,11.9643253159
1.0969565217391306,2.9000000000000004,20,6,0.0001,50,10.0,3.6137111187,4.29415822029,1.01227688789,0.282161951065,0.808322101831,0.922804931492,12.8721232765
1.197826086956522,2.9000000000000004,20,6,0.0001,50,9.0,3.60834908485,3.69764304161,4.27394390106,0.191838979721,1.18489670753,3.56808383754,12.2767729005
1.2986956521739133,2.9000000000000004,20,6,0.0001,50,8.0,3.61444091797,3.69586992264,1.11869096756,0.470835924149,0.902741312981,0.861395790223,11.7708538339
1.3995652173913045,2.9000000000000004,20,6,0.0001,50,8.0,3.62655305862,3.71742796898,1.12359189987,0.472269773483,0.9065498511,0.802814964184,12.4769943391
1.5004347826086959,2.9000000000000004,20,6,0.0001,50,7.0,3.66938900948,4.38502693176,1.32862687111,0.571019887924,0.914633321762,0.885494582309,12.0139383496
1.6013043478260873,2.9000000000000004,20,6,0.0001,50,7.0,3.66960096359,4.36563301086,1.31909894943,0.568131923676,0.908844184875,0.823765295598,12.6191251688
1.7021739130434785,2.9000000000000004,20,6,0.0001,50,7.0,3.64679193497,3.74194908142,1.03108906746,0.285566091537,0.734520769119,0.60574836658,12.3023516956
1.8030434782608697,2.9000000000000004,20,6,0.0001,50,6.0,3.62944102287,3.70639395714,1.03760504723,0.826865911484,0.887147724628,0.575474224408,11.8698300723
1.9039130434782612,2.9000000000000004,20,6,0.0001,50,6.0,3.67138385773,3.75514507294,1.05343198776,0.763896942139,0.876042246819,0.553298372197,12.3741674449
2.0047826086956526,2.9000000000000004,20,6,0.0001,50,6.0,3.64697694778,3.75418305397,1.13875222206,0.286416053772,0.873042345047,0.568017807576,12.0584330121
2.105652173913044,2.9000000000000004,20,6,0.0001,50,6.0,3.69613909721,3.80018901825,1.24046802521,0.284666061401,0.832435786724,0.589113454054,11.756337155
2.206521739130435,2.9000000000000004,20,6,0.0001,50,6.0,3.61901497841,3.71267390251,1.21616888046,0.279026031494,0.815727412701,0.551170133018,12.2608448951
2.3073913043478265,2.9000000000000004,20,6,0.0001,50,6.0,3.61701703072,3.7204580307,3.06789088249,0.199917793274,1.30626612902,1.32959280756,12.7132887565
2.4082608695652179,2.9000000000000004,20,6,0.0001,50,5.0,3.68564605713,3.77580308914,0.857271909714,0.848773002625,0.853674252828,0.355971365289,11.7146278666
2.5091304347826089,2.9000000000000004,20,6,0.0001,50,5.0,3.7288620472,3.82299208641,0.860562086105,0.665904998779,0.767230351766,0.342972240174,12.1176646288
0.29999999999999999,3.0,20,6,0.0001,50,53.0,3.71106410027,4.39929795265,4.49196410179,0.195672988892,0.917493918363,14.9732136726,18.6775686268
0.40000000000000002,3.0,20,6,0.0001,50,27.0,3.65826892853,4.33158993721,1.21724414825,0.192722082138,0.83448431015,3.04311037064,13.4555519572
0.5,3.0,20,6,0.0001,50,27.0,3.64899802208,4.36519598961,1.32649803162,0.194015979767,0.837540645599,2.65299606323,16.0555424254
0.60000000000000009,3.0,20,6,0.0001,50,19.0,3.75684189796,3.85252809525,1.35789704323,0.199745178223,0.83922976606,2.26316173871,13.5084080127
0.70000000000000007,3.0,20,6,0.0001,50,19.0,3.57501792908,3.66702413559,1.23819804192,0.189572095871,0.776920374702,1.76885434559,15.3081310439
0.80000000000000004,3.0,20,6,0.0001,50,14.0,3.69637703896,4.40608310699,1.42692708969,0.195914983749,0.908303459485,1.78365886211,13.480909054
0.90000000000000013,3.0,20,6,0.0001,50,12.0,3.65387797356,3.75508213043,1.30634093285,0.285393953323,0.763540410995,1.45148992538,12.4696932617
1.0000000000000002,3.0,20,6,0.0001,50,12.0,3.61447811127,3.71670484543,1.30176711082,0.283674955368,0.767937302589,1.30176711082,13.5701798526
1.1000000000000001,3.0,20,6,0.0001,50,10.0,3.63012599945,3.71824407578,1.28594613075,0.283672094345,0.814394295216,1.16904193705,12.6247132325
1.2000000000000002,3.0,20,6,0.0001,50,9.0,3.64020419121,3.74191498756,1.11567091942,0.290438890457,0.814156532288,0.929725766182,11.9805600856
1.3000000000000003,3.0,20,6,0.0001,50,9.0,3.65295696259,3.7378180027,1.11900115013,0.284405946732,0.816099882126,0.860770115486,12.7806059588
1.4000000000000004,3.0,20,6,0.0001,50,8.0,3.7298438549,3.85141611099,1.13523721695,0.385015964508,0.875359654427,0.810883726392,12.1881952515
1.5000000000000002,3.0,20,6,0.0001,50,7.0,3.6754899025,3.76818394661,1.24423909187,0.568593025208,0.850935649872,0.829492727915,11.7315375879
1.6000000000000003,3.0,20,6,0.0001,50,7.0,3.69700789452,3.78612709045,1.15454697609,0.572036981583,0.841643190384,0.721591860056,12.331939416
1.7000000000000004,3.0,20,6,0.0001,50,7.0,3.67254400253,3.76721596718,1.24542784691,0.287909984589,0.783473396301,0.732604615829,11.9649759095
1.8000000000000003,3.0,20,6,0.0001,50,7.0,3.65992593765,3.76053214073,1.23176693916,0.197855949402,0.738933181763,0.684314966202,12.5637102895
1.9000000000000004,3.0,20,6,0.0001,50,6.0,3.63084506989,3.71444678307,1.21127414703,0.567047834396,0.913532018661,0.637512708965,12.0588928236
2.0000000000000004,3.0,20,6,0.0001,50,6.0,3.63998484612,3.72796320915,1.21777415276,0.285243034363,0.797194838524,0.608887076378,11.7212868593
2.1000000000000001,3.0,20,6,0.0001,50,6.0,3.65613508224,3.7520070076,1.22409200668,0.286496162415,0.801042318344,0.582900955563,12.2213265384
2.2000000000000002,3.0,20,6,0.0001,50,5.0,3.61716198921,4.30659604073,1.10769510269,0.742842912674,0.926526943843,0.503497773951,11.8679555175
2.3000000000000003,3.0,20,6,0.0001,50,5.0,3.56878900528,3.65754795074,1.1766500473,0.73187494278,0.9473473231,0.511586977088,11.6051263766
2.4000000000000004,3.0,20,6,0.0001,50,5.0,3.61223006248,3.71029686928,1.19293999672,0.741776943207,0.960565646489,0.497058331966,12.0052320805
2.5000000000000004,3.0,20,6,0.0001,50,5.0,3.73086714745,3.82963299751,1.82883501053,0.579228878021,1.02883625031,0.731534004211,11.7525103961
2.6000000000000001,3.0,20,6,0.0001,50,5.0,3.60860991478,3.67387294769,1.75279998779,0.555567026138,0.987901687622,0.674153841459,12.1526152474
0.31,3.1000000000000001,20,6,0.0001,50,51.0,3.62407493591,4.28819799423,1.91060709953,0.277575969696,0.878564172862,6.16324870817,18.6355242673
0.40920000000000001,3.1000000000000001,20,6,0.0001,50,26.0,3.61695814133,4.29783916473,1.30308198929,0.277600049973,0.834515849749,3.18446233941,13.3355836431
0.50839999999999996,3.1000000000000001,20,6,0.0001,50,26.0,3.69802522659,4.37492418289,1.33555293083,0.282866001129,0.852390021086,2.62697271997,15.8156892356
0.60759999999999992,3.1000000000000001,20,6,0.0001,50,18.0,3.71163797379,3.80705809593,1.33536505699,0.197095870972,0.823232680559,2.19777000822,13.2500908685
0.70679999999999998,3.1000000000000001,20,6,0.0001,50,18.0,3.68593811989,3.74722695351,1.06606888771,0.193801164627,0.793358698487,1.50830346309,14.9367245889
0.80600000000000005,3.1000000000000001,20,6,0.0001,50,14.0,3.63716697693,3.71702408791,1.40242481232,0.279206991196,0.834580183029,1.73998115672,13.2526431706
0.9052,3.1000000000000001,20,6,0.0001,50,11.0,3.81029701233,4.5061519146,1.16614198685,0.386683940887,0.893531243006,1.28826998105,12.1618348928
1.0044,3.1000000000000001,20,6,0.0001,50,11.0,3.64414811134,4.32393789291,1.12580800056,0.370162010193,0.8872809675,1.12087614552,13.1535574049
1.1035999999999999,3.1000000000000001,20,6,0.0001,50,10.0,3.58353996277,3.67162799835,1.38450503349,0.274951934814,0.781819224358,1.25453518801,12.3508631776
1.2027999999999999,3.1000000000000001,20,6,0.0001,50,10.0,3.68933200836,3.78991794586,1.50932407379,0.283564090729,0.839380145073,1.2548420966,13.2431838078
1.302,3.1000000000000001,20,6,0.0001,50,8.0,3.62658691406,4.95287895203,1.12891101837,0.566145896912,0.902746399244,0.867059153895,12.3873790367
1.4012,3.1000000000000001,20,6,0.0001,50,8.0,3.65936303139,3.74919605255,1.31392884254,0.281696081161,0.847355246544,0.937716844522,11.8896266378
1.5004,3.1000000000000001,20,6,0.0001,50,8.0,3.65210008621,3.80056190491,1.31064009666,0.282043933868,0.832828680674,0.873527123877,12.5840871699
1.5995999999999999,3.1000000000000001,20,6,0.0001,50,7.0,3.62360286713,3.7021420002,1.31063699722,0.283094167709,0.696928596497,0.819352961505,12.0412057727
1.6988000000000001,3.1000000000000001,20,6,0.0001,50,7.0,3.65430903435,3.74988698959,1.4101319313,0.285454034805,0.776531839371,0.830075306867,12.6373588688
1.798,3.1000000000000001,20,6,0.0001,50,6.0,3.64088487625,4.34275913239,1.2164080143,0.752351999283,0.961084246635,0.676533934537,12.09247289
1.8972,3.1000000000000001,20,6,0.0001,50,6.0,3.61711883545,3.6995639801,1.28681993484,0.36829996109,0.947989702225,0.678273210439,11.7295425717
1.9964,3.1000000000000001,20,6,0.0001,50,6.0,3.64911603928,3.72735500336,1.29500102997,0.3702480793,0.932426989079,0.648668117596,12.2255759954
2.0955999999999997,3.1000000000000001,20,6,0.0001,50,6.0,3.69280099869,3.7776517868,1.2421901226,0.288395166397,0.78816485405,0.592761081602,11.8611308004
2.1947999999999999,3.1000000000000001,20,6,0.0001,50,6.0,3.67180109024,3.76291799545,1.23514795303,0.286688089371,0.784225285053,0.562761050225,12.3571823294
2.294,3.1000000000000001,20,6,0.0001,50,5.0,3.66018390656,3.74799704552,1.13670706749,0.752361059189,1.00829203924,0.495513107014,11.9356691482
2.3931999999999998,3.1000000000000001,20,6,0.0001,50,5.0,3.70669794083,3.80876588821,1.53417897224,0.575174808502,0.989701271057,0.641057568212,11.6637366575
2.4923999999999999,3.1000000000000001,20,6,0.0001,50,5.0,3.61309504509,3.70511603355,1.4969291687,0.562167882919,0.966423670451,0.600597483831,12.0605596768
2.5916000000000001,3.1000000000000001,20,6,0.0001,50,5.0,3.631305933,3.72254300117,2.69664788246,0.47594499588,1.36864026388,1.04053398768,11.7863983693
2.6907999999999999,3.1000000000000001,20,6,0.0001,50,5.0,3.68605303764,3.78353881836,2.74724888802,0.485527992249,1.39471522967,1.02097847778,12.1831640539
0.32000000000000001,3.2000000000000002,20,6,0.0001,50,49.0,3.65212106705,5.01176786423,1.54113578796,0.282471179962,0.858046343986,4.81604933739,18.5740578042
0.41846153846153844,3.2000000000000002,20,6,0.0001,50,49.0,3.68239402771,5.03717589378,1.55309009552,0.283616781235,0.865401547006,3.71142853708,23.3001932797
0.51692307692307693,3.2000000000000002,20,6,0.0001,50,25.0,3.61411595345,4.94184589386,1.31441807747,0.277998924255,0.842437142911,2.54277306653,15.5953878842
0.61538461538461542,3.2000000000000002,20,6,0.0001,50,17.0,3.71053004265,5.08643198013,1.91787910461,0.29153585434,0.933008766174,3.116553545,13.0204909741
0.7138461538461538,3.2000000000000002,20,6,0.0001,50,17.0,3.62670493126,4.95989894867,1.95359396935,0.284628152847,0.902643442154,2.73671568982,14.5956144527
0.8123076923076924,3.2000000000000002,20,6,0.0001,50,13.0,3.63364887238,4.94191908836,1.21223497391,0.283445835114,0.84305618026,1.49233472167,12.947841417
0.91076923076923078,3.2000000000000002,20,6,0.0001,50,13.0,3.65298390388,4.97000288963,1.21952295303,0.284502983093,0.91251839291,1.33900324235,14.1289620325
1.0092307692307692,3.2000000000000002,20,6,0.0001,50,11.0,3.65589594841,3.72890686989,1.03154015541,0.284150123596,0.787686612871,1.02210533692,12.9325987261
1.1076923076923078,3.2000000000000002,20,6,0.0001,50,9.0,3.63642883301,4.9660050869,2.13870382309,0.375859022141,0.945230415889,1.93077428474,12.0468479134
1.2061538461538461,3.2000000000000002,20,6,0.0001,50,9.0,3.74863004684,5.12381792068,2.1046769619,0.387704849243,0.973907232285,1.74494901178,12.8341628719
1.3046153846153847,3.2000000000000002,20,6,0.0001,50,8.0,3.69826006889,4.41377902031,1.31694197655,0.391300916672,0.904690464338,1.009448449,12.1407743568
1.4030769230769231,3.2000000000000002,20,6,0.0001,50,8.0,3.71820688248,4.43069982529,1.3275809288,0.385020971298,0.911861817042,0.946192547938,12.8297700743
1.5015384615384615,3.2000000000000002,20,6,0.0001,50,7.0,3.67779994011,5.03643202782,1.32228398323,0.663365125656,0.893257427216,0.880619456044,12.2103001529
1.6000000000000001,3.2000000000000002,20,6,0.0001,50,7.0,3.61806702614,3.70899319649,1.10541200638,0.191334009171,0.708624649048,0.690882503986,11.7338587206
1.6984615384615385,3.2000000000000002,20,6,0.0001,50,7.0,3.63712406158,3.73278617859,1.13009190559,0.285039901733,0.734439325333,0.665362082098,12.3246689112
1.7969230769230771,3.2000000000000002,20,6,0.0001,50,6.0,3.59692811966,3.68814301491,1.01827406883,0.557277917862,0.810761034489,0.566676493786,11.8145893302
1.8953846153846154,3.2000000000000002,20,6,0.0001,50,6.0,3.65720486641,3.74775290489,0.946200847626,0.567062139511,0.824939250946,0.499213109544,12.3064916134
1.9938461538461538,3.2000000000000002,20,6,0.0001,50,6.0,3.66598105431,3.75034403801,1.50047397614,0.379055976868,0.938587725163,0.752552534326,11.9150853324
2.0923076923076924,3.2000000000000002,20,6,0.0001,50,6.0,3.66521191597,3.7551279068,1.4093849659,0.379093885422,0.868637681007,0.6736031087,12.4066446082
2.1907692307692308,3.2000000000000002,20,6,0.0001,50,5.0,3.61030697823,4.92585992813,1.30890989304,0.645200967789,0.99394830068,0.597465892186,11.958825845
2.2892307692307692,3.2000000000000002,20,6,0.0001,50,5.0,3.65032815933,3.74468994141,1.1205060482,0.843512058258,0.997413078944,0.489468367831,11.7266678179
2.3876923076923076,3.2000000000000002,20,6,0.0001,50,5.0,3.59909701347,3.68620705605,1.10590600967,0.833434104919,0.984848737717,0.463169398382,12.1203201593
2.4861538461538459,3.2000000000000002,20,6,0.0001,50,5.0,3.66119790077,3.75259590149,1.31154608727,0.56835603714,0.945581038793,0.527540195992,11.7404289062
2.5846153846153843,3.2000000000000002,20,6,0.0001,50,5.0,3.67103409767,3.75781321526,1.40753412247,0.37810587883,0.913383960724,0.544581654525,12.1351988663
2.6830769230769227,3.2000000000000002,20,6,0.0001,50,5.0,3.63822293282,3.72350692749,1.39742398262,0.283883094788,0.876379648844,0.520828892604,11.8404382536
2.7815384615384615,3.2000000000000002,20,6,0.0001,50,4.0,3.6068110466,4.90826797485,1.39033603668,0.837484121323,1.113910079,0.499844260975,11.6403942226
0.33000000000000002,3.3000000000000003,20,6,0.0001,50,47.0,3.74866700172,5.10144495964,1.62141799927,0.292198896408,0.920509709252,4.91338787657,18.5008192378
0.43153846153846154,3.3000000000000003,20,6,0.0001,50,47.0,3.77248001099,5.10434007645,1.53043198586,0.292114019394,0.895621034834,3.5464555822,23.1715832603
0.53307692307692311,3.3000000000000003,20,6,0.0001,50,24.0,3.68296813965,5.01995706558,1.47580289841,0.282789230347,0.849367325956,2.76846142558,15.5563928632
0.63461538461538458,3.3000000000000003,20,6,0.0001,50,16.0,3.69597101212,5.03470015526,1.23900604248,0.28898692131,0.875735708645,1.95237315785,12.9830017691
0.73615384615384616,3.3000000000000003,20,6,0.0001,50,16.0,3.65892291069,4.99672102928,1.40643191338,0.285806894302,0.913970078741,1.91051357094,14.5062099317
0.83769230769230774,3.3000000000000003,20,6,0.0001,50,13.0,3.62827110291,4.31414198875,1.12642598152,0.279133081436,0.750774860382,1.34467748024,12.9942757542
0.93923076923076931,3.3000000000000003,20,6,0.0001,50,13.0,3.61962604523,4.29285788536,1.11717200279,0.277148008347,0.728066292676,1.18945422083,14.2125645812
1.0407692307692309,3.3000000000000003,20,6,0.0001,50,10.0,3.68016505241,5.02930188179,1.12785792351,0.575107097626,0.827645152807,1.08367723619,12.860594345
1.1423076923076925,3.3000000000000003,20,6,0.0001,50,9.0,3.67782497406,3.77064108849,1.14230394363,0.287170171738,0.826602833612,0.999996718331,12.0584007324
1.243846153846154,3.3000000000000003,20,6,0.0001,50,9.0,3.63879609108,3.72675609589,1.12187695503,0.284710884094,0.791403532028,0.901941893344,12.8707664292
1.3453846153846156,3.3000000000000003,20,6,0.0001,50,8.0,3.7007651329,3.77424716949,0.959544897079,0.289316177368,0.749094208082,0.713212330593,12.162743371
1.4469230769230772,3.3000000000000003,20,6,0.0001,50,8.0,3.59458708763,3.68018388748,1.022108078,0.280706167221,0.742360711098,0.706401117175,12.8734808234
1.5484615384615386,3.3000000000000003,20,6,0.0001,50,7.0,3.65712285042,4.34003615379,1.21455907822,0.571315050125,0.826881408691,0.784365028159,12.2475045688
1.6500000000000001,3.3000000000000003,20,6,0.0001,50,6.0,3.59618496895,4.88558888435,1.02057409286,0.734753131866,0.923728108406,0.618529753252,11.7320474658
1.7515384615384617,3.3000000000000003,20,6,0.0001,50,6.0,3.67252016068,4.9975130558,1.12579917908,0.751465082169,0.988538384438,0.642748762758,12.2397501815
1.8530769230769233,3.3000000000000003,20,6,0.0001,50,6.0,3.62090492249,3.70713400841,1.20785689354,0.470047950745,0.860273480415,0.651811524117,11.8248665856
1.9546153846153849,3.3000000000000003,20,6,0.0001,50,6.0,3.56243181229,3.66315817833,1.19127893448,0.463347911835,0.848519921303,0.609469742156,12.332560653
2.0561538461538462,3.3000000000000003,20,6,0.0001,50,6.0,3.63648891449,3.7264289856,1.40355396271,0.284306764603,0.866311728954,0.682611354853,11.9306537635
2.157692307692308,3.3000000000000003,20,6,0.0001,50,6.0,3.76667714119,3.85700583458,1.44966316223,0.294479131699,0.870645880699,0.671858150055,12.4397136405
2.2592307692307694,3.3000000000000003,20,6,0.0001,50,5.0,3.65148305893,4.33232498169,1.20886492729,0.741726875305,1.02453494072,0.535078108778,11.9775649526
2.3607692307692312,3.3000000000000003,20,6,0.0001,50,5.0,3.58573412895,3.68384885788,1.11178684235,0.558820009232,0.837123235067,0.470942618133,11.6595503464
2.4623076923076925,3.3000000000000003,20,6,0.0001,50,5.0,3.68296289444,3.80420994759,1.3217830658,0.574767827988,0.948944965998,0.536806618411,12.0653508507
2.5638461538461543,3.3000000000000003,20,6,0.0001,50,5.0,3.67057490349,3.7571709156,1.2170882225,0.376720905304,0.816455682119,0.474711877964,11.7542055485
2.6653846153846157,3.3000000000000003,20,6,0.0001,50,5.0,3.69751977921,3.78014397621,1.22746109962,0.378434896469,0.823085387548,0.460519315877,12.1604398461
2.766923076923077,3.3000000000000003,20,6,0.0001,50,5.0,3.71118497849,3.80301809311,1.13622403145,0.378547906876,0.764016310374,0.410645326907,11.8592847777
2.8684615384615388,3.3000000000000003,20,6,0.0001,50,4.0,3.69765901566,4.383934021,0.948332071304,0.761721134186,0.855026602745,0.330606514534,11.6928677583
0.34000000000000002,3.4000000000000004,20,6,0.0001,50,45.0,3.64581108093,4.96800208092,1.48564314842,0.283615112305,0.849729748659,4.36953867183,18.4162842522
0.44074074074074077,3.4000000000000004,20,6,0.0001,50,45.0,3.80231690407,5.16763901711,1.55905103683,0.296042203903,0.864205360413,3.53734268861,22.8486001393
0.54148148148148145,3.4000000000000004,20,6,0.0001,50,23.0,3.79350185394,5.18784379959,1.36486196518,0.298271894455,0.872481686728,2.52060691244,15.3334962174
0.64222222222222225,3.4000000000000004,20,6,0.0001,50,16.0,3.71703886986,5.0665640831,1.52354192734,0.285171985626,0.819854038102,2.37229711869,12.8526234563
0.74296296296296305,3.4000000000000004,20,6,0.0001,50,16.0,3.74931716919,5.13877701759,1.45359396935,0.289959907532,0.802230000496,1.95648241138,14.3634772649
0.84370370370370384,3.4000000000000004,20,6,0.0001,50,12.0,3.69523596764,5.04615497589,1.24082493782,0.288507223129,0.888998770714,1.4706880299,12.7236106169
0.94444444444444442,3.4000000000000004,20,6,0.0001,50,12.0,3.62913298607,4.97390985489,1.21780991554,0.37229681015,0.862134170532,1.28944579293,13.8320711494
1.0451851851851852,3.4000000000000004,20,6,0.0001,50,10.0,3.73712706566,5.108533144,1.06202101707,0.29260802269,0.828291743994,1.0161079894,12.6684975334
1.145925925925926,3.4000000000000004,20,6,0.0001,50,10.0,3.71978402138,5.06081485748,1.04519891739,0.290031194687,0.806584000587,0.912099895585,13.5752109771
1.2466666666666668,3.4000000000000004,20,6,0.0001,50,9.0,3.58833789825,3.66751694679,1.10570693016,0.280157089233,0.866373879569,0.88693069264,12.6346522004
1.3474074074074076,3.4000000000000004,20,6,0.0001,50,8.0,3.71534514427,3.80528187752,1.62374687195,0.290173053741,0.876755634944,1.20508976203,11.9152096498
1.4481481481481482,3.4000000000000004,20,6,0.0001,50,8.0,3.68873095512,3.78623008728,1.53274703026,0.289463043213,0.891091505686,1.05841866539,12.6203995888
1.548888888888889,3.4000000000000004,20,6,0.0001,50,7.0,3.78763699532,3.87519907951,1.06291890144,0.391080141068,0.779026556015,0.686246062624,11.9792110375
1.6496296296296298,3.4000000000000004,20,6,0.0001,50,7.0,3.63932800293,3.72344303131,1.10489106178,0.376108884811,0.78293094635,0.669781290259,12.5836764525
1.7503703703703704,3.4000000000000004,20,6,0.0001,50,6.0,3.67178988457,5.01921701431,1.12843203545,0.845676898956,0.921149492264,0.644681865363,11.9919079309
1.8511111111111112,3.4000000000000004,20,6,0.0001,50,6.0,3.70934009552,5.07569098473,1.14305996895,0.856268167496,0.932670772076,0.617499382986,12.4956008332
1.9518518518518519,3.4000000000000004,20,6,0.0001,50,6.0,3.7342209816,3.82124185562,1.24298214912,0.38470697403,0.79142677784,0.636821973935,12.0449468179
2.0525925925925925,3.4000000000000004,20,6,0.0001,50,6.0,3.87221908569,3.95218992233,1.29726195335,0.396357774734,0.847739458084,0.632011417189,12.548635243
2.1533333333333333,3.4000000000000004,20,6,0.0001,50,5.0,3.76862978935,5.15048885345,1.54453396797,0.684503078461,1.1634879907,0.717275836521,12.0427428605
2.2540740740740741,3.4000000000000004,20,6,0.0001,50,5.0,3.63854289055,3.7263469696,1.20901989937,0.835247993469,1.05650830269,0.536370970802,11.697406765
2.3548148148148149,3.4000000000000004,20,6,0.0001,50,5.0,3.70194196701,3.78895497322,1.23785614967,0.672868013382,1.01645072301,0.52567027432,12.0999652739
2.4555555555555553,3.4000000000000004,20,6,0.0001,50,5.0,3.6541121006,3.75002193451,1.48829102516,0.376772880554,0.903851985931,0.606091367712,11.7636278933
2.5562962962962961,3.4000000000000004,20,6,0.0001,50,5.0,3.64121198654,3.73153114319,1.4838809967,0.375642061234,0.900307019552,0.580480830353,12.1667193212
2.6570370370370369,3.4000000000000004,20,6,0.0001,50,5.0,3.68280386925,3.77967190742,0.949462890625,0.376859903336,0.663761615753,0.357338974726,11.8353303557
2.7577777777777777,3.4000000000000004,20,6,0.0001,50,5.0,3.7210381031,3.82255601883,0.862155914307,0.381099939346,0.639974991481,0.312627043866,12.2385237074
2.8585185185185185,3.4000000000000004,20,6,0.0001,50,4.0,3.65320491791,4.99528384209,1.02618694305,0.56768488884,0.796935915947,0.358992581789,11.9015456322
2.9592592592592593,3.4000000000000004,20,6,0.0001,50,4.0,3.62404894829,3.70520710945,1.11874222755,1.02371692657,1.07122957706,0.378048061877,11.6672965513
0.34999999999999998,3.5,20,6,0.0001,50,43.0,3.60765695572,4.92255687714,2.10724902153,0.286924123764,0.888047247398,6.02071149009,18.3038571203
0.44999999999999996,3.5,20,6,0.0001,50,43.0,3.69878005981,5.04015898705,1.96997189522,0.288176059723,0.895034156195,4.37771532271,22.5037361179
0.54999999999999993,3.5,20,6,0.0001,50,22.0,3.60070514679,4.89239883423,1.38679003716,0.280086994171,0.828840839863,2.52143643119,15.1196157953
0.64999999999999991,3.5,20,6,0.0001,50,15.0,3.63083004951,4.94063210487,1.22354006767,0.283407926559,0.839277560894,1.88236933488,12.6539778189
0.75,3.5,20,6,0.0001,50,15.0,3.57254314423,4.86818599701,1.29033517838,0.278751134872,0.807098370332,1.7204469045,14.0538900718
0.84999999999999987,3.5,20,6,0.0001,50,12.0,3.65200901031,4.97094011307,1.40785288811,0.284974098206,0.84808049202,1.65629751542,12.5507136397
0.94999999999999996,3.5,20,6,0.0001,50,12.0,3.75569295883,5.11351203918,1.43780398369,0.292476892471,0.88774535656,1.51347787757,13.6506821379
1.0499999999999998,3.5,20,6,0.0001,50,10.0,3.63467788696,4.32287120819,1.20415782928,0.284334182739,0.836417108774,1.14681698027,12.4619837544
1.1499999999999999,3.5,20,6,0.0001,50,10.0,3.6887049675,4.39093494415,1.12892794609,0.287748098373,0.825223207474,0.981676474861,13.3618653397
1.25,3.5,20,6,0.0001,50,8.0,3.63194298744,4.96201705933,1.03470993042,0.55904507637,0.856716314952,0.827767944336,12.320758285
1.3499999999999999,3.5,20,6,0.0001,50,8.0,3.70158886909,5.02890586853,1.04967308044,0.566210031509,0.8665437301,0.777535615144,13.0207374019
1.4499999999999997,3.5,20,6,0.0001,50,7.0,3.63967514038,4.96109390259,1.03101611137,0.746793985367,0.915926599503,0.711045594051,12.2849293145
1.5499999999999998,3.5,20,6,0.0001,50,7.0,3.74594497681,5.10704398155,1.062926054,0.768184900284,0.924126195908,0.685758744517,12.8849282715
1.6499999999999999,3.5,20,6,0.0001,50,7.0,3.70257210732,3.78132295609,1.13604402542,0.287169933319,0.739112615585,0.688511530558,12.3101753938
1.75,3.5,20,6,0.0001,50,6.0,3.78585791588,4.48822879791,0.877185106277,0.680094957352,0.79991453886,0.501248632159,11.743227429
1.8499999999999996,3.5,20,6,0.0001,50,6.0,3.56280493736,4.24893379211,0.999528169632,0.643394947052,0.821595489979,0.540285497098,12.243208437
1.9499999999999997,3.5,20,6,0.0001,50,6.0,3.59875702858,3.6913151741,1.38705086708,0.366613864899,0.829087376595,0.711308136964,11.768322557
2.0499999999999998,3.5,20,6,0.0001,50,6.0,3.61963891983,3.70896697044,1.39053702354,0.368531942368,0.832076728344,0.678310743192,12.2683059641
2.1499999999999999,3.5,20,6,0.0001,50,5.0,3.64284896851,4.95768809319,1.30489611626,0.654904127121,0.996677716573,0.606928426166,11.7919689145
2.25,3.5,20,6,0.0001,50,5.0,3.78835701942,5.174284935,1.36423397064,0.683875799179,1.04175790151,0.606326209174,12.1919571847
2.3499999999999996,3.5,20,6,0.0001,50,5.0,3.74107408524,3.82786893845,0.946923971176,0.763187885284,0.862364292145,0.402946370713,11.833305783
2.4499999999999997,3.5,20,6,0.0001,50,5.0,3.58979606628,3.66612005234,0.906733036041,0.731787919998,0.825714349747,0.370095116752,12.2332794573
2.5499999999999998,3.5,20,6,0.0001,50,5.0,3.68141007423,3.76631188393,1.12609004974,0.378742933273,0.847686290741,0.441603941076,11.8707396428
2.6499999999999999,3.5,20,6,0.0001,50,5.0,3.73766994476,3.83860397339,1.24379706383,0.386886835098,0.835743268331,0.469357382576,12.2722119299
2.75,3.5,20,6,0.0001,50,4.0,3.71012496948,5.06126594543,0.943926095963,0.859341859818,0.90163397789,0.343245853077,11.896493864
2.8500000000000001,3.5,20,6,0.0001,50,4.0,3.57532215118,4.88317418098,1.00503396988,0.829068899155,0.917051434517,0.352643498203,12.1963435694
2.9499999999999997,3.5,20,6,0.0001,50,4.0,3.63917303085,4.32225298882,0.83741402626,0.745486021042,0.791450023651,0.283869161444,11.8859759859
3.0499999999999998,3.5,20,6,0.0001,50,4.0,3.5854010582,3.6952149868,1.02037882805,0.740387916565,0.880383372307,0.334550435426,11.6087286455
0.35999999999999999,3.6000000000000001,20,6,0.0001,50,41.0,3.60545897484,4.95413303375,1.38152599335,0.283373117447,0.84922172473,3.83757220374,18.1904347442
0.4593103448275862,3.6000000000000001,20,6,0.0001,50,41.0,3.65497922897,4.97794008255,1.30622696877,0.28505396843,0.841775093323,2.84388754461,22.1627387827
0.55862068965517242,3.6000000000000001,20,6,0.0001,50,21.0,3.66478800774,4.99076914787,1.32056593895,0.285562992096,0.858446020829,2.36397606355,14.9134790606
0.65793103448275858,3.6000000000000001,20,6,0.0001,50,21.0,3.74885296822,5.1144258976,1.17489790916,0.387825965881,0.855089890329,1.785746298,16.8996236533
0.75724137931034474,3.6000000000000001,20,6,0.0001,50,15.0,3.61154389381,4.92981505394,1.20463204384,0.368321180344,0.834631534723,1.59081645134,13.9263248757
0.85655172413793101,3.6000000000000001,20,6,0.0001,50,11.0,3.68094801903,5.01038908958,1.0339858532,0.475686073303,0.801350646549,1.20714934552,12.3338837313
0.95586206896551718,3.6000000000000001,20,6,0.0001,50,11.0,3.66957616806,5.00615406036,1.05098795891,0.476800918579,0.845225784514,1.09951842743,13.3273962885
1.0551724137931036,3.6000000000000001,20,6,0.0001,50,9.0,3.69464802742,5.02578687668,1.23316907883,0.821996927261,0.926103557859,1.16868964987,12.2074208203
1.1544827586206896,3.6000000000000001,20,6,0.0001,50,9.0,3.5706820488,4.8592338562,1.1010389328,0.73189997673,0.85968882697,0.95370755828,13.001903542
1.2537931034482757,3.6000000000000001,20,6,0.0001,50,8.0,3.65569615364,4.97636604309,1.12938094139,0.560410022736,0.892214298248,0.900771377896,12.124359542
1.3531034482758622,3.6000000000000001,20,6,0.0001,50,8.0,3.60555696487,4.93319702148,1.12276792526,0.554290056229,0.865961829821,0.829772421828,12.819189177
1.4524137931034482,3.6000000000000001,20,6,0.0001,50,7.0,3.72391605377,5.05711197853,1.24318003654,0.658877134323,0.896657705307,0.855940670937,12.0625191349
1.5517241379310343,3.6000000000000001,20,6,0.0001,50,7.0,3.63247513771,4.9631319046,1.30810689926,0.653549909592,0.916361951828,0.843002223969,12.6583753139
1.6510344827586207,3.6000000000000001,20,6,0.0001,50,6.0,3.73947811127,5.11925005913,1.15866303444,0.581650972366,0.941177070141,0.70178003339,12.0096560053
1.7503448275862068,3.6000000000000001,20,6,0.0001,50,6.0,3.72029590607,5.08515501022,1.05684399605,0.576951026917,0.90716201067,0.603791881114,12.5061546682
1.8496551724137928,3.6000000000000001,20,6,0.0001,50,6.0,3.64017510414,3.726541996,1.12442612648,0.472625017166,0.819243550301,0.607911216778,11.9978686895
1.9489655172413793,3.6000000000000001,20,6,0.0001,50,6.0,3.60290288925,3.70497393608,1.12505698204,0.468965053558,0.814118742943,0.577258536433,12.4944328954
2.0482758620689654,3.6000000000000001,20,6,0.0001,50,5.0,3.65107321739,4.98610305786,1.22546720505,0.838495969772,0.972241719564,0.598292069804,11.9494618901
2.1475862068965514,3.6000000000000001,20,6,0.0001,50,5.0,3.58053994179,4.87637400627,1.20097088814,0.834413051605,0.983634312948,0.559218942774,12.3462171018
2.2468965517241379,3.6000000000000001,20,6,0.0001,50,5.0,3.6303319931,4.31028795242,1.12293791771,0.744001150131,0.89948964119,0.49977286086,11.9425804144
2.346206896551724,3.6000000000000001,20,6,0.0001,50,5.0,3.64696002007,4.330960989,1.12686491013,0.65941286087,0.873514890671,0.48029221625,12.3398083709
2.44551724137931,3.6000000000000001,20,6,0.0001,50,5.0,3.63943099976,3.7226228714,0.943248987198,0.563392877579,0.813762585322,0.385705310614,11.9555234031
2.5448275862068965,3.6000000000000001,20,6,0.0001,50,5.0,3.59858608246,3.68357992172,0.932213068008,0.556226015091,0.803546031316,0.366316788241,12.3528187404
2.6441379310344826,3.6000000000000001,20,6,0.0001,50,5.0,3.6675889492,3.76757097244,0.846316099167,0.287000894547,0.627718687057,0.320072598799,11.9722864116
2.7434482758620686,3.6000000000000001,20,6,0.0001,50,5.0,3.66203188896,3.75087785721,0.843201160431,0.285797834396,0.625383694967,0.307350850333,12.3696967308
2.8427586206896551,3.6000000000000001,20,6,0.0001,50,4.0,3.7363011837,5.08099198341,0.96342086792,0.869572877884,0.916496872902,0.338903507638,11.9055746497
2.9420689655172412,3.6000000000000001,20,6,0.0001,50,4.0,3.64757800102,3.7299079895,0.936576128006,0.753586053848,0.845081090927,0.318339284015,11.583137915
3.0413793103448272,3.6000000000000001,20,6,0.0001,50,4.0,3.61306905746,3.69853901863,0.926738977432,0.745033025742,0.835886001587,0.304710094621,11.881063635
3.1406896551724137,3.6000000000000001,20,6,0.0001,50,4.0,3.62124204636,3.70684814453,0.836338043213,0.64874792099,0.742542982101,0.266291208313,11.5740717651
0.37,3.7000000000000002,20,6,0.0001,50,40.0,3.64192986488,4.96606993675,1.48045015335,0.284573078156,0.812921624435,4.00121663068,18.2266250715
0.46866666666666668,3.7000000000000002,20,6,0.0001,50,40.0,3.67769289017,4.99018383026,1.49364519119,0.285810947418,0.822853138572,3.18700965404,22.0744682594
0.56733333333333336,3.7000000000000002,20,6,0.0001,50,21.0,3.68766593933,5.00161099434,1.39810991287,0.371868848801,0.84727101577,2.46435354795,14.8742794375
0.66600000000000004,3.7000000000000002,20,6,0.0001,50,21.0,3.68593192101,5.20456385612,1.42604589462,0.383407831192,0.848028697466,2.14121005199,16.8476488542
